Dish,Indian,Mexican,Chinese,American,Mediterranean,Japanese,Thai,Italian
Basmati,2,0,0,0,0,0,0,0
Miso,0,0,0,0,0,20,0,0
Sizzling,0,0,1,0,0,0,0,0
Thin,0,0,0,0,0,0,0,1
Friends,0,0,0,1,0,0,0,0
Pistachios,1,0,0,0,1,0,0,0
Planked,0,0,0,1,0,0,0,0
Michaels,0,0,0,0,0,0,0,1
Shrimps,0,0,0,0,1,0,0,0
Teenas,0,0,0,0,0,0,0,1
Powder,1,0,0,0,0,0,0,0
Wing,0,0,0,2,0,0,1,0
Lima,0,1,0,0,1,0,0,0
Healing,0,0,0,1,0,0,0,0
Bisque,0,0,0,1,0,0,0,0
Fords,0,0,0,1,0,0,0,0
Minnesotas,0,0,0,1,0,0,0,0
Romanian,0,0,0,0,1,0,0,0
LassiComeHome,1,0,0,0,0,0,0,0
Bobs,0,1,0,0,0,1,1,2
ChickenRotisserie,0,0,0,1,0,0,0,0
Taqueria,0,1,0,0,0,0,0,0
Butterflied,0,0,1,0,0,0,0,0
Silken,1,0,0,0,0,0,0,0
Kendras,0,0,0,1,0,0,0,0
Decker,0,1,0,0,0,0,0,0
Dahl,3,0,0,0,0,0,0,0
California,0,0,0,5,0,1,0,2
Kabab,1,0,0,0,0,0,0,0
Kebab,2,0,0,0,0,0,0,0
Foccacia,0,0,0,0,0,0,0,1
MisoGlazed,0,0,0,0,0,1,0,0
Flan,0,3,0,0,0,0,0,0
Louis,0,0,0,1,0,0,0,0
Paste,2,0,1,0,0,1,5,0
Mexican,0,81,0,2,0,0,0,0
Jens,0,1,0,0,0,0,0,0
VeracruzStyle,0,1,0,0,0,0,0,0
Tapioca,0,0,1,0,0,0,3,0
RaisinTomato,0,0,0,0,1,0,0,0
UpsideDown,0,0,0,3,0,0,0,0
Potatoes,15,1,0,8,4,0,1,2
Baby,0,0,3,2,1,1,2,1
DashiSoupStock,0,0,0,0,0,1,0,0
Tortillas,0,6,0,1,0,0,0,0
Harira,0,0,0,0,1,0,0,0
Old,0,0,0,3,0,0,0,0
Turkey,1,8,1,6,0,0,0,7
Dahi,2,0,0,0,0,0,0,0
See,0,0,0,0,0,0,1,0
Herbs,0,0,0,0,1,0,0,0
Swirl,0,0,0,0,0,0,0,1
Masoor,3,0,0,0,0,0,0,0
Day,0,0,0,0,0,1,0,0
Kulfi,2,0,0,0,0,0,0,0
Taquitos,0,2,0,0,0,0,0,0
Fantastic,0,1,0,0,0,0,0,0
Camarones,0,1,0,0,0,0,0,0
Beer,0,1,0,3,0,0,0,0
Mushi,0,0,0,0,0,1,0,0
Bhuna,1,0,0,0,0,0,0,0
Fe,0,1,0,0,0,0,0,0
Coffeecake,0,0,0,1,0,0,0,0
Kiyokos,0,0,0,0,0,1,0,0
GingerShiitake,0,0,0,0,0,1,0,0
Garden,0,1,0,0,0,0,0,3
Fabiennes,0,0,0,0,0,0,1,0
Adobo,0,1,0,0,0,0,0,0
Spread,0,0,0,0,1,0,1,1
Best,2,5,0,8,1,1,4,11
Acapulco,0,2,0,0,0,0,0,0
Cakes,0,1,2,4,0,0,2,0
Barbecue,0,0,1,1,0,0,0,0
KidFriendly,0,0,0,0,0,2,0,0
Lemony,0,0,0,0,2,1,0,1
Elote,0,3,0,0,0,0,0,0
Angels,0,0,0,0,0,0,0,1
Lasooni,1,0,0,0,0,0,0,0
Burger,0,0,0,3,0,1,0,0
Okura,0,0,0,0,0,1,0,0
Costa,0,0,0,0,1,0,0,0
Caprese,0,0,0,0,3,0,0,6
Mayonnaise,0,0,0,1,0,0,0,0
Okonomiyaki,0,0,0,0,0,5,0,0
Bass,0,0,1,0,0,2,0,0
15Minute,0,1,0,0,0,0,0,0
Gingerbread,0,0,0,0,0,0,0,1
Spatchcocked,0,0,0,0,1,0,0,0
8,0,0,1,0,0,0,0,0
Detroit,0,0,0,1,0,0,0,0
Skillet,0,1,0,3,0,0,0,1
YogurtMarinated,1,0,0,0,0,0,0,0
Malai,4,0,0,0,0,0,0,0
Nam,0,0,0,0,0,0,5,0
South,3,2,0,1,0,0,0,0
Meatball,0,0,1,0,0,0,0,4
Leches,0,3,0,0,0,0,0,0
Ozoni,0,0,0,0,0,1,0,0
Horchata,0,1,0,0,0,0,0,0
Together,0,1,0,0,0,0,0,0
Hoagie,0,0,0,0,0,0,0,1
Roman,0,0,0,0,0,0,0,1
Roomali,1,0,0,0,0,0,0,0
Bing,0,0,2,0,0,0,0,0
Doodh,1,0,0,0,0,0,0,0
Fruit,1,1,0,0,0,0,1,0
Pilau,1,0,0,0,0,0,0,0
Annemaries,0,0,0,1,0,0,0,0
Restaurant,1,1,5,1,0,1,0,0
Phenomenal,0,0,0,1,0,0,0,0
Minty,1,0,0,0,0,0,0,0
Browns,2,0,0,0,0,0,0,0
Head,0,0,3,0,0,0,0,0
YogurtTahini,0,0,0,0,1,0,0,0
Agua,0,1,0,0,0,0,0,0
Balls,0,0,2,1,0,3,3,1
Bhaji,3,0,0,0,0,0,0,0
JapaneseStyle,0,0,0,1,0,11,0,0
Summer,0,0,0,1,2,0,1,3
Risotto,0,0,0,1,0,0,0,10
Sichuan,0,0,5,0,0,0,0,0
Stephans,0,0,0,0,0,0,0,1
Torta,0,1,0,0,0,0,0,1
Simply,0,0,0,0,0,1,0,1
SuperSpicy,0,0,1,0,0,0,0,0
Peaches,0,0,0,1,0,0,0,0
Golden,1,0,0,0,1,0,0,0
Tapas,0,0,0,0,1,0,0,0
Burfi,1,0,0,0,0,0,0,0
Brunch,0,1,0,0,0,0,0,0
Oregano,0,0,0,0,0,0,0,1
Raw,0,0,0,0,1,0,1,0
Olive,0,0,0,0,1,0,0,4
Okra,5,0,0,2,1,1,0,0
Kaki,0,0,0,0,0,1,0,0
Lots,0,0,1,0,0,0,0,0
Fashioned,0,0,0,2,0,0,0,0
Homestyle,0,0,0,1,0,0,0,0
Fryer,0,0,0,0,1,0,0,0
Cong,0,0,1,0,0,0,0,0
Raspberry,0,0,0,1,0,0,0,0
Pow,0,0,0,0,0,0,1,0
Sun,0,0,1,0,0,0,0,0
Randys,0,0,0,0,0,0,0,1
Salad,17,15,11,10,44,15,32,13
Angel,0,0,0,0,0,0,0,3
This,0,0,0,0,0,0,0,1
Kays,0,0,0,0,0,0,0,1
Cup,0,0,1,0,0,0,0,0
David,0,0,0,0,0,0,0,1
Bhagari,1,0,0,0,0,0,0,0
Dough,0,0,1,0,0,0,0,5
Romano,0,0,0,0,0,0,0,1
Gringa,0,1,0,0,0,0,0,0
Parmigiana,0,0,0,0,0,0,0,3
Ravioli,0,0,0,1,0,0,0,4
Limoncello,0,0,0,0,0,0,0,1
de,0,9,0,1,1,0,0,0
Area,0,0,0,1,0,0,0,0
Jeannies,0,0,0,0,0,1,0,0
Moms,0,1,1,1,1,1,0,2
Slow,8,14,2,13,5,0,11,14
Mini,1,0,0,1,0,0,0,0
Hens,1,0,0,0,0,0,0,0
Duck,0,0,3,1,0,0,2,0
Oysters,0,0,0,0,0,1,0,0
Scots,0,0,0,0,0,0,1,0
Vickis,0,0,0,1,0,0,0,0
Minced,0,0,0,0,0,1,0,0
ZucchiniTomato,0,0,0,0,1,0,0,0
y,0,0,0,0,1,0,0,0
Pitas,0,0,0,0,1,0,0,0
Prezzemolo,0,0,0,0,1,0,0,0
Pig,0,0,0,2,0,0,0,0
Yolk,0,0,0,0,0,1,0,0
Cumin,2,0,1,0,0,0,0,0
Garbanzo,1,0,0,0,2,0,0,0
Burritos,0,12,0,2,0,0,0,0
Batata,2,0,0,0,0,0,0,0
Greek,0,0,0,0,25,0,0,0
Original,0,0,0,0,0,0,0,1
Dong,0,0,1,0,0,0,0,0
Filling,0,3,3,0,0,0,0,0
Bourbon,0,0,0,2,0,0,0,0
Ajad,0,0,0,0,0,0,1,0
Using,0,0,0,0,0,0,0,1
Mango,9,3,1,1,0,0,10,0
Leg,0,0,1,1,0,0,0,0
Josh,1,0,0,0,0,0,0,0
Prik,0,0,0,0,0,0,5,0
Dinner,0,1,0,1,1,0,0,0
Shrimp,4,10,20,14,3,9,13,10
Mandarin,0,0,2,0,0,0,0,0
Eggplant,6,0,5,1,11,0,3,7
Party,0,0,0,0,0,1,0,1
Biscotti,0,0,0,0,0,0,0,8
Lemongrass,0,0,0,0,0,0,1,0
Tacos,0,24,0,6,0,0,0,1
Back,0,0,0,2,0,0,0,0
Marias,0,1,0,0,0,0,0,0
Jennifers,0,0,0,0,0,0,1,0
Kachumbar,2,0,0,0,0,0,0,0
Leaf,1,0,2,0,0,0,0,0
Lime,2,9,0,1,0,0,1,0
Char,0,0,6,0,0,0,0,0
Sago,1,0,0,0,0,0,0,0
Ures,0,0,0,1,0,0,0,0
Pomodoro,0,0,0,0,1,0,0,1
Shandong,0,0,1,0,0,0,0,0
Arugula,0,0,0,1,3,0,0,0
Seared,2,0,0,1,0,1,0,0
Patate,0,0,0,0,1,0,0,0
Chef,2,0,2,4,2,0,0,8
Monterey,0,2,0,0,0,0,0,0
Fuhrai,0,0,0,0,0,1,0,0
OrangeChicken,0,0,1,0,0,0,0,0
Alienated,0,0,0,1,0,0,0,0
Jewish,0,0,0,1,0,0,0,0
GingerLime,0,1,0,0,0,0,0,0
Szechuan,0,0,11,0,0,0,0,0
Asiago,0,0,0,0,0,0,0,2
Dango,0,0,0,0,0,2,0,0
Gen,0,0,0,0,0,0,1,0
Dollop,0,0,0,0,0,1,0,0
Toffee,0,0,1,0,0,0,0,0
Guay,0,0,0,0,0,0,1,0
Clay,0,0,2,0,0,0,0,0
Ras,1,0,0,0,0,0,0,0
Taeng,0,0,0,0,0,0,2,0
Bhurta,1,0,0,0,0,0,0,0
Beef,8,25,28,6,0,18,13,8
Mashed,0,1,0,4,0,0,0,2
Cheesesteak,0,0,0,1,0,0,0,0
Gkai,0,0,0,0,0,0,1,0
Petits,0,0,0,0,0,1,0,0
Basilico,0,0,0,0,1,0,0,0
Tailgate,0,0,0,1,0,0,0,0
Corleones,0,0,0,0,0,0,0,1
With,2,1,3,0,1,0,6,1
Sweetened,0,0,0,0,0,0,1,0
Lin,0,0,0,0,0,0,1,0
Diaw,0,0,0,0,0,0,1,0
Arrabbiata,0,0,0,0,0,0,0,1
Crusted,0,1,0,2,0,1,0,0
CaliforniaThai,0,0,0,0,0,0,1,0
Colorado,0,2,0,0,0,0,0,0
Hiya,0,0,0,0,0,1,0,0
Paalu,1,0,0,0,0,0,0,0
AsianStyle,0,0,0,0,0,1,0,0
Yellow,1,1,0,1,1,0,3,0
Doufu,0,0,2,0,0,0,0,0
Ponzu,0,0,0,0,0,1,0,0
Sopapillas,0,1,0,0,0,0,0,0
Snack,0,0,0,0,0,0,1,0
potatoes,0,0,0,0,0,1,0,0
Fillet,0,0,1,0,0,0,0,0
Chawan,0,0,0,0,0,1,0,0
Toms,1,0,0,0,0,0,0,0
Kedgeree,1,0,0,0,0,0,0,0
Greens,1,0,0,2,0,0,0,0
Puri,1,0,0,0,0,0,0,0
Pies,0,1,0,0,0,0,0,0
Tuna,0,0,1,3,2,4,2,0
Pizzelles,0,0,0,0,0,0,0,2
Melon,0,0,3,0,0,2,0,0
Fettucine,0,0,0,0,0,0,0,1
TaiwaneseStyle,0,0,1,0,0,0,0,0
Paneer,21,0,0,0,0,0,0,0
Horseradish,0,0,0,1,0,0,0,0
Wendys,1,0,0,0,0,0,0,0
Panna,0,0,0,0,0,0,0,1
Satay,0,0,0,0,0,0,8,0
Garys,0,1,0,0,0,0,0,0
Calzones,0,0,0,0,0,0,0,2
Nacho,0,4,0,0,0,0,0,0
Young,0,0,3,0,0,0,0,0
Toast,0,0,2,0,0,0,0,0
Dan,0,0,2,0,0,0,0,0
OvenRoasted,0,0,0,0,2,0,0,0
Zoodles,0,0,0,0,0,0,0,1
Cioppino,0,0,0,1,0,0,0,1
Melitzanosalata,0,0,0,0,1,0,0,0
Edamame,1,0,1,0,0,1,0,0
Asparagus,0,1,2,3,5,0,0,2
Michelles,0,0,0,0,0,1,0,0
Steaks,0,1,0,1,0,1,0,1
Wraps,0,2,0,1,0,0,1,0
Alabama,0,0,0,1,0,0,0,0
Yummy,2,0,0,0,0,0,0,2
Sopes,0,1,0,0,0,0,0,0
Chalupas,0,1,0,0,0,0,0,0
MangoMint,1,0,0,0,0,0,0,0
MeatLovers,0,0,0,0,0,0,0,1
Tehri,1,0,0,0,0,0,0,0
Vegan,4,2,1,0,12,5,4,1
Croquettes,0,0,0,0,0,2,0,0
Scaloppine,0,0,0,0,0,0,0,1
Mulligatawny,5,0,0,0,0,0,0,0
Stomp,0,0,0,1,0,0,0,0
Smothered,0,1,0,1,0,0,0,0
Ds,0,1,0,0,0,0,0,1
Kong,0,0,5,0,0,0,0,0
Roll,0,0,0,0,0,6,0,2
Chili,1,12,0,6,0,1,3,0
Spaghetti,0,1,0,1,5,1,1,24
Kootu,1,0,0,0,0,0,0,0
Cedar,0,0,0,1,0,0,0,0
Pierogi,0,0,0,1,0,0,0,0
Fun,0,0,3,0,0,0,0,0
Suizas,0,1,0,0,0,0,0,0
Red,4,4,2,6,4,1,10,1
Niaw,0,0,0,0,0,0,1,0
Dipping,0,0,1,0,1,1,6,0
Figs,0,0,0,0,1,0,0,0
Yung,0,0,1,0,0,0,0,0
over,0,0,0,1,0,0,0,0
Rib,0,0,1,0,0,1,0,0
Cooker,8,18,3,13,5,1,10,14
Watercress,0,0,1,0,0,0,0,0
Mountain,0,0,0,1,0,0,0,0
Nu,1,0,0,0,0,0,0,0
Sub,0,0,0,0,0,0,0,1
Chantals,0,0,0,1,0,0,0,0
Koora,4,0,0,0,0,0,0,0
TriTip,0,0,0,1,0,0,0,0
Celery,0,0,1,0,1,0,0,0
Bratwurst,0,0,0,1,0,0,0,0
Kerris,0,0,1,0,0,0,0,0
Island,0,0,0,0,1,0,0,0
Etouffe,0,0,0,1,0,0,0,0
Adriels,0,0,1,0,0,0,0,0
Colorful,0,1,0,0,0,0,0,0
Toasted,0,0,0,1,1,1,0,1
Lae,0,0,0,0,0,0,1,0
Reuben,0,0,0,2,0,0,0,0
Tomatillos,0,1,0,0,0,0,0,0
Compote,0,0,0,0,0,1,0,0
Breakfast,0,3,0,2,2,0,0,0
Oyster,0,0,2,0,0,1,0,0
Quail,0,0,1,0,0,0,0,0
Brown,1,0,0,3,1,3,0,0
Treasures,0,0,1,0,0,0,0,0
Yet,0,0,0,0,0,0,0,1
Ritas,0,0,0,0,0,0,0,1
HotandSour,0,0,0,0,0,0,1,0
Minute,0,1,1,0,0,0,0,1
Delicious,4,2,0,3,0,0,1,1
Chennai,1,0,0,0,0,0,0,0
Grigliate,0,0,0,0,1,0,0,0
SuperDelicious,0,0,0,0,0,0,0,1
Bronco,0,0,0,1,0,0,0,0
Filets,0,0,0,0,0,0,1,0
Urad,1,0,0,0,0,0,0,0
Swordfish,1,0,0,0,0,0,0,1
Stirfry,0,0,2,0,0,0,0,0
Ashleys,0,0,0,0,0,1,0,0
Flounder,0,0,0,0,1,0,0,2
Taiwanese,0,0,6,0,0,0,0,0
Louisiana,0,0,0,4,0,0,0,0
Rou,0,0,1,0,0,0,0,0
Tamales,0,2,0,0,0,0,0,0
Vinaigrette,0,0,0,1,0,0,1,1
Florns,0,0,1,0,0,0,0,0
Scallops,0,0,1,3,1,0,0,0
Biriyani,1,0,0,0,0,0,0,0
Shalgam,1,0,0,0,0,0,0,0
Ahogada,0,1,0,0,0,0,0,0
Pound,0,0,0,3,0,0,0,0
Refried,0,4,0,0,0,0,0,0
Chow,0,0,2,0,0,0,0,0
the,1,9,0,4,2,1,0,3
Tilapia,0,0,0,2,1,0,2,3
Three,0,0,1,0,0,0,0,2
Pancake,1,0,2,0,0,2,0,0
Famous,0,2,1,0,0,1,1,0
Hunan,0,0,2,0,0,0,0,0
Patties,0,0,0,1,0,0,0,0
Yakisoba,0,0,0,0,0,4,0,0
Stew,3,5,1,2,3,0,2,1
Very,0,0,0,0,0,0,1,0
Cups,0,0,0,0,1,0,0,0
Pollo,0,1,0,0,1,0,0,0
Grouper,0,1,0,0,0,0,0,0
Purple,0,0,1,0,0,0,0,0
San,0,0,0,2,0,0,0,0
AirFried,0,0,0,0,1,0,0,0
DipSauce,0,1,0,0,0,0,0,0
Aglio,0,0,0,0,0,0,0,1
Chakchouka,0,0,0,1,0,0,0,0
Inarizushi,0,0,0,0,0,1,0,0
Macaroni,0,0,0,1,0,0,0,0
Madis,0,0,0,0,0,0,1,0
Cod,2,0,1,0,1,1,0,1
Manicotti,0,0,0,0,0,0,0,8
Anns,0,0,0,1,0,0,0,0
Fly,0,0,0,0,0,1,0,0
Hair,0,0,0,0,0,0,0,3
Sin,0,0,1,0,0,0,0,0
Sicilian,0,0,0,0,3,0,0,2
Wet,0,1,0,1,0,0,0,0
Paella,0,1,0,0,0,0,0,0
Tetrazzini,0,0,0,0,0,0,0,2
Moo,0,0,4,0,0,0,1,0
Meatless,0,0,0,0,0,0,0,1
Tom,0,0,0,0,0,0,12,0
Chai,9,0,0,0,0,0,0,0
Cornbread,0,4,0,1,0,0,0,0
Gao,0,0,1,0,0,0,0,0
Cranberry,0,0,0,9,1,0,0,0
Andrews,0,0,0,0,0,0,1,0
Crumbs,0,0,0,0,0,0,0,1
Baingan,1,0,0,0,0,0,0,0
TomatoCoconut,1,0,0,0,0,0,0,0
Maryland,0,0,0,3,0,0,0,0
Maharajahs,1,0,0,0,0,0,0,0
Romana,0,0,0,0,0,0,0,1
Dill,0,0,0,4,0,0,0,0
Lentil,8,0,0,0,8,0,0,1
Marinated,1,2,0,1,2,0,0,0
Scott,0,0,0,2,0,0,0,0
Tahini,0,0,0,0,2,0,0,0
Snap,0,0,0,1,0,0,0,0
Gourmet,0,0,0,0,0,0,0,1
Curd,1,0,1,0,0,0,0,0
Meatloaf,0,1,0,3,0,0,0,3
Verdes,0,2,0,0,0,0,0,0
Osso,0,0,0,0,0,0,0,1
Pepino,0,1,0,0,0,0,0,0
Cocktail,0,2,1,0,0,1,0,0
Unbelievable,0,0,0,1,0,0,0,1
Dandelion,0,0,1,0,0,0,0,0
Rabe,0,0,0,0,1,0,0,0
IndianStyle,10,0,0,0,0,0,0,0
Garlic,2,1,8,9,7,1,4,19
Charred,1,0,0,0,0,0,0,0
Roux,0,0,0,0,0,1,0,0
Tongue,0,0,0,0,0,1,0,0
Machine,0,0,0,1,0,0,0,6
Lisa,0,0,0,0,0,0,0,1
Fettuccine,1,0,0,0,0,0,0,3
Chorizo,0,1,0,0,0,0,0,0
Penne,0,0,0,2,3,0,0,9
Adriennes,0,0,0,0,0,0,1,0
Real,0,5,0,1,1,0,1,1
TwiceCooked,0,0,1,0,0,0,0,0
Onion,3,1,3,3,0,1,0,0
Yoke,0,0,1,0,0,0,0,0
Maharaja,1,0,0,0,0,0,0,0
IndianInspired,2,0,0,0,0,0,0,0
Mussels,0,0,0,0,1,0,1,0
Toscana,0,0,0,0,0,0,0,3
Catfish,0,0,0,2,0,0,1,0
Francisco,0,0,0,2,0,0,0,0
Shu,0,0,3,0,0,0,0,0
Frosting,0,0,0,1,0,0,0,0
Wrapped,0,0,0,0,1,0,0,1
Khanom,0,0,0,0,0,0,1,0
Tsos,0,0,3,0,0,0,0,0
Short,0,0,0,1,0,1,0,0
Lump,0,0,0,1,0,0,0,0
Beans,6,10,4,16,4,3,2,2
Oranges,0,0,1,0,0,0,0,0
Buco,0,0,0,0,0,0,0,1
Grilled,7,3,3,15,15,2,4,2
Larb,0,0,0,0,0,0,1,0
Pan,0,1,2,1,1,3,0,0
Thanksgiving,0,0,1,0,0,0,0,0
with,42,14,38,26,35,25,51,43
Bengaladumpa,1,0,0,0,0,0,0,0
Enchilada,0,24,0,0,0,0,0,0
la,0,2,1,1,0,0,0,4
to,0,0,0,0,0,0,2,1
ka,1,0,0,0,0,0,0,0
Vepudu,1,0,0,0,0,0,0,0
Perrys,1,0,0,0,0,0,0,0
Caesar,0,0,0,0,0,0,0,1
Sevai,1,0,0,0,0,0,0,0
AmericanItalian,0,0,0,0,0,0,0,1
Chapati,4,0,0,0,0,0,0,0
Apple,2,2,1,8,0,0,0,1
GlutenFree,0,0,0,0,0,0,1,0
Savory,2,0,0,3,0,0,0,1
PeanutLime,0,0,0,0,0,0,1,0
Fabulous,0,2,0,1,0,0,0,3
Wedding,0,2,0,2,0,0,0,5
Chez,0,0,0,0,0,0,0,1
Cabbage,3,0,5,5,0,3,0,0
Jellies,0,0,0,0,0,0,1,0
Turnip,1,0,1,0,0,0,0,0
Alis,0,0,0,0,0,0,0,1
Bombay,5,0,0,0,0,0,0,0
Fiesta,0,1,0,0,0,0,0,0
Cincinnati,0,0,0,1,0,0,0,0
Bars,0,0,0,1,0,0,0,0
Chunky,0,0,0,0,0,0,0,1
BarbacoaStyle,0,1,0,0,0,0,0,0
Cacciatore,0,0,0,0,0,0,0,5
Shoots,0,0,2,0,0,0,0,0
Pomegranate,0,0,0,0,1,0,0,0
Macaroons,0,0,0,0,0,0,1,0
Broccoli,2,0,15,0,2,0,2,7
LuvAnns,0,1,0,0,0,0,0,0
Tuan,0,0,1,0,0,0,0,0
Without,0,1,0,0,0,0,0,1
Javis,0,1,0,0,0,0,0,0
Cherry,0,0,0,2,3,0,0,0
Eggs,0,0,3,0,0,4,1,0
Drink,0,0,1,0,0,0,0,0
Falafel,0,0,0,0,2,0,0,0
KC,0,0,0,1,0,0,0,0
MisoMarinated,0,0,0,0,0,1,0,0
Hillshire,0,0,0,1,0,0,0,0
Semolina,0,0,0,0,0,0,0,1
Warm,0,1,0,0,0,0,0,0
Migas,0,1,0,0,0,0,0,0
Chao,0,0,1,0,0,0,0,0
Polish,0,0,0,1,0,0,0,0
Omelette,0,0,0,0,1,0,0,0
Saar,1,0,0,0,0,0,0,0
Steves,1,0,0,0,0,0,0,0
Potstickers,0,0,1,0,0,1,0,0
Mimic,0,0,0,0,0,1,0,0
Parmesan,0,0,0,0,1,0,0,13
Salt,0,0,1,0,0,1,0,0
Puppies,0,0,0,1,0,0,0,0
Century,0,0,1,0,0,0,0,0
Limeade,0,1,0,0,0,0,0,0
Polvorones,0,1,0,0,0,0,0,0
Diner,0,0,0,1,0,0,0,0
Ong,0,0,0,0,0,0,1,0
Burrito,0,4,0,0,0,0,0,0
Chiliquilla,0,1,0,0,0,0,0,0
Mabo,0,0,2,0,0,0,0,0
Dump,0,0,0,1,0,0,0,0
LettuceWrapped,0,0,1,0,0,0,0,0
Inspired,0,1,0,0,0,0,0,0
Yam,0,0,1,0,0,0,2,0
Jaes,0,0,0,0,1,0,0,0
Octopus,0,0,0,0,1,0,0,0
Boston,0,0,0,2,0,0,0,0
Kao,0,0,0,0,0,0,1,0
Stuffed,0,4,2,1,0,0,0,8
Perogies,0,0,0,1,0,0,0,0
Shak,1,0,0,0,0,0,0,0
Pilaf,2,0,0,0,2,0,0,0
Jamun,1,0,0,0,0,0,0,0
Classic,0,0,1,2,1,0,1,5
Margaritas,0,3,0,0,0,0,0,0
Coq,0,0,0,0,0,0,0,1
Stroganoff,0,0,0,1,0,0,0,0
Maach,1,0,0,0,0,0,0,0
Bucatini,0,0,0,0,0,0,0,1
Jeera,2,0,0,0,0,0,0,0
Dish,0,0,0,0,2,0,0,0
Wan,0,0,0,0,0,0,1,0
Don,0,0,0,0,0,2,0,0
Kris,0,1,0,0,0,0,0,0
Zydeco,0,0,0,1,0,0,0,0
Mama,0,0,0,0,0,0,0,2
Kabobs,0,1,0,1,0,0,0,0
Fa,0,0,1,0,0,0,0,0
Sukiyaki,0,0,0,0,0,6,0,0
Tsukune,0,0,0,0,0,1,0,0
Worlds,0,0,0,0,0,0,0,2
Halloumi,0,0,0,0,1,0,0,0
ThaiDipped,0,0,0,0,0,0,1,0
Pepperoni,0,0,0,0,0,0,0,3
Quinoa,5,2,0,0,4,1,0,0
ThaiInspired,0,0,0,0,0,0,1,0
Medley,0,0,0,0,2,0,0,0
Ziti,0,0,0,0,1,0,0,4
Muertos,0,1,0,0,0,0,0,0
SugarFree,1,0,0,0,0,0,0,0
Massalam,1,0,0,0,0,0,0,0
Bunjal,1,0,0,0,0,0,0,0
Brunswick,0,0,0,1,0,0,0,0
Bitter,0,0,2,0,0,2,0,0
Annies,0,1,0,0,0,0,0,0
Murgh,5,0,0,0,0,0,0,0
Yumazuti,0,0,0,1,0,0,0,0
Ribbon,1,0,0,0,0,0,0,0
Lebanese,0,0,0,0,1,0,0,0
Chard,0,0,0,0,0,0,0,1
Taco,0,34,0,1,0,0,0,0
Je,0,0,0,0,0,0,1,0
Jackies,0,0,0,0,0,0,0,1
Tater,0,1,0,0,0,0,0,0
Chongqing,0,0,1,0,0,0,0,0
Minis,0,1,0,0,0,0,0,0
Tonkatsu,0,0,0,0,0,8,0,0
SouthwesternFlavored,0,1,0,1,0,0,0,0
Can,0,0,0,1,0,0,0,0
for,0,3,2,3,3,1,2,3
Tiramisu,0,0,0,0,0,0,0,2
Appetizers,0,0,1,0,0,0,0,1
Scallopini,0,0,0,0,0,0,0,1
MexicanAmerican,0,1,0,0,0,0,0,0
Tomatoes,1,0,0,1,7,0,0,8
Biscuits,0,0,0,3,0,0,0,0
Rolled,0,0,0,0,0,0,0,1
Buttermilk,1,0,0,6,0,0,0,0
Shells,0,1,0,0,0,0,0,5
Raisin,1,0,0,0,0,0,0,0
Sauce,12,15,19,23,7,27,25,41
Shish,0,0,0,0,1,0,0,0
Sherry,1,0,0,0,0,0,0,0
Bhindi,1,0,0,0,0,0,0,0
Fours,0,0,0,0,0,1,0,0
Elegant,0,0,0,0,0,0,0,1
Korma,8,0,0,0,0,0,0,0
Great,0,0,0,0,0,0,0,1
Madras,2,0,0,0,0,0,0,0
RestaurantStyle,0,2,2,2,0,2,0,2
Johnsonville,0,0,0,0,0,0,0,1
Spice,3,0,2,1,0,1,0,0
Throw,0,1,0,0,0,0,0,0
Maine,0,0,0,1,0,0,0,0
Seaweed,0,0,0,0,0,4,0,0
LimeCilantro,0,1,0,0,0,0,0,0
Banana,3,0,0,2,0,0,2,1
Capers,0,0,0,1,0,0,0,1
Cilantro,7,11,0,3,0,0,0,1
Marinara,0,0,0,0,2,0,0,5
Appetizer,0,0,0,1,1,0,0,2
Spare,0,0,4,0,0,1,0,0
Yuan,0,0,1,0,0,0,0,0
Frizzled,1,0,0,0,0,0,0,0
Foolproof,0,0,0,0,0,0,0,1
Noodle,0,0,8,0,0,4,9,0
Middle,0,0,0,0,1,0,0,0
PanRoasted,0,0,0,0,0,1,0,0
World,0,0,1,1,0,0,0,1
Seasons,1,0,0,0,0,0,0,0
Goat,1,1,0,1,1,0,0,0
Chriss,0,0,0,0,0,0,0,1
Sakura,0,0,0,0,0,1,0,0
Chilean,0,0,0,0,0,1,0,0
Kebabs,1,0,0,0,1,0,0,0
Bharta,1,0,0,0,0,0,0,0
Bubbas,0,0,0,1,0,0,0,0
Tinga,0,2,0,0,0,0,0,0
Baba,0,0,0,0,1,0,0,0
Simplified,0,0,0,0,0,2,0,0
Gujarati,2,0,0,0,0,0,0,0
Adzuki,0,0,1,0,0,0,0,0
Chicago,0,0,0,1,0,0,0,0
Sundried,0,0,0,0,0,0,0,3
Anchovy,0,0,0,0,2,0,0,0
Mapo,0,0,4,0,0,1,0,0
Rock,0,0,0,1,0,0,0,0
Spinach,11,5,0,0,4,3,0,19
Big,0,0,0,2,0,1,0,0
Mediterranean,1,0,0,0,46,0,0,4
Baigan,1,0,0,0,0,0,0,0
CardamomMango,1,0,0,0,0,0,0,0
Drip,0,1,0,0,0,0,0,0
Tang,0,0,2,0,0,0,0,0
Natives,0,0,0,1,0,0,0,0
Chop,0,0,1,1,0,1,0,0
DeepFried,0,0,0,1,0,3,0,0
Triple,0,0,0,2,0,0,0,0
Jelly,0,0,2,1,0,1,0,0
Blackened,0,0,0,6,0,0,0,0
DairyFree,1,0,0,0,0,0,0,0
Steak,0,2,3,8,0,1,3,2
Soba,0,0,0,0,0,4,0,0
Mangos,1,0,0,0,0,0,0,0
Res,0,1,0,0,0,0,0,0
Allies,0,0,0,0,0,0,0,1
Gazpacho,0,0,0,0,3,0,0,0
Buckeyes,0,0,0,1,0,0,0,0
Cutlets,1,0,0,0,0,1,0,2
Beignets,0,0,0,2,0,0,0,0
Crawfish,0,0,0,2,0,0,0,0
Rosemary,0,0,0,5,3,0,0,3
Amore,0,0,0,0,1,0,0,0
Oil,0,0,1,0,2,1,0,0
Sauteed,0,0,0,0,0,0,0,2
Rotini,0,0,0,0,0,0,0,1
Jack,0,1,0,0,0,0,0,0
Sankaya,0,0,0,0,0,0,1,0
Souffle,0,0,0,0,0,1,0,0
Simple,1,4,3,3,1,1,2,4
Tasty,0,0,2,0,0,0,0,0
without,0,0,1,0,0,0,0,1
Omuraisu,0,0,0,0,0,1,0,0
Cindis,0,0,1,0,0,0,0,0
You,0,0,1,1,1,0,0,0
Mex,0,2,0,1,0,0,0,0
Leek,0,0,0,0,0,1,0,0
Lotus,0,0,1,0,0,0,0,0
YumYums,0,0,1,0,0,0,0,0
Saute,0,0,0,0,0,0,0,1
Treats,1,0,0,0,0,0,0,0
Monicas,0,0,0,0,0,1,0,0
Dessert,0,2,1,0,0,2,0,0
Alla,0,0,0,0,1,0,0,2
Pickles,0,0,1,0,0,0,0,0
Cuke,0,0,0,0,0,1,0,0
Version,0,0,0,0,0,0,2,0
Washabinaros,0,0,0,0,0,1,0,0
Papaya,0,0,1,0,0,0,1,0
Portobello,0,0,0,0,1,0,0,2
Bolo,0,0,1,0,0,0,0,0
Farfalle,0,0,0,0,1,0,0,0
Ciabatta,0,0,0,0,0,0,0,1
HoisinPeanut,0,0,0,0,0,0,1,0
Flower,0,0,1,0,0,0,0,0
Acorn,0,0,0,3,0,0,0,0
Thermostat,1,0,0,0,0,0,0,0
Cucumbers,0,0,2,0,0,1,0,0
Samosa,2,0,0,0,0,0,0,0
ChicagoStyle,0,0,0,2,0,0,0,0
Moroccan,0,0,0,0,5,0,0,0
Zaru,0,0,0,0,0,1,0,0
Asian,0,0,7,0,0,1,3,0
Pizza,1,3,0,3,2,0,2,29
Suey,0,0,1,0,0,0,0,0
Cucumber,6,4,1,1,0,5,6,0
Grapes,1,0,0,0,0,0,0,0
Bag,0,1,0,0,0,0,0,0
Lemon,1,0,2,8,7,0,2,4
Rellenos,0,6,0,0,0,0,0,0
Oozing,0,0,0,0,1,0,0,0
Jet,0,0,0,0,0,0,1,1
Tostados,0,1,0,0,0,0,0,0
Shakshouka,0,0,0,1,0,0,0,0
Grinders,0,0,0,0,0,0,0,1
Gyudon,0,0,0,0,0,3,0,0
Incredible,0,0,1,0,0,0,0,1
Seitan,1,0,0,0,0,0,0,0
Ju,0,0,1,0,0,0,0,0
He,0,0,2,0,0,0,0,0
Lunch,0,1,0,0,0,0,0,0
Dumplings,0,0,12,0,0,0,1,0
Poppers,0,0,0,1,0,0,0,0
Home,1,0,0,1,0,1,0,0
Bottle,0,0,0,0,0,1,0,0
Mexicana,0,1,0,0,0,0,0,0
Vegetarian,5,7,0,2,4,1,3,2
Juicy,0,0,0,0,0,1,0,0
Blossoms,0,0,0,0,1,0,0,0
Ricardos,0,0,0,0,0,0,0,1
Singaporean,0,0,1,0,0,0,0,0
Tim,1,0,0,0,0,0,0,1
On,0,0,1,0,0,0,0,0
Shieldzini,0,0,0,0,0,1,0,0
in,7,4,8,5,4,1,11,4
Chiles,0,3,0,0,0,0,1,0
Kowloons,0,0,1,0,0,0,0,0
Tangy,2,1,1,3,0,0,0,0
Polenta,0,0,0,0,0,0,0,5
of,1,2,2,2,0,0,0,1
Agioritiki,0,0,0,0,1,0,0,0
Nikujaga,0,0,0,0,0,1,0,0
Frittata,0,1,0,0,0,0,0,0
Boule,0,1,0,0,0,0,0,0
Kolacky,0,0,0,1,0,0,0,0
Kick,0,0,1,0,0,0,0,0
BarBQ,0,0,0,1,0,0,0,0
Nonas,0,0,0,0,0,2,0,0
Terrific,0,1,0,0,0,0,0,0
Key,0,0,0,1,0,0,0,1
Tantalizing,0,0,0,0,0,0,1,1
Bangan,1,0,0,0,0,0,0,0
Puffs,0,0,0,0,0,0,0,1
Free,0,1,0,0,0,0,0,0
Catherines,0,1,0,0,0,0,0,0
Love,0,0,0,0,0,0,0,1
Daikon,0,0,1,0,0,0,0,0
Dengaku,0,0,0,0,0,1,0,0
Foo,0,0,4,0,0,0,1,0
Instant,2,0,2,0,2,1,2,3
Riced,0,0,1,0,0,0,0,0
VI,0,0,0,1,0,0,0,0
Sour,0,5,16,1,1,0,4,0
Surprise,0,0,1,0,0,0,0,0
Linnies,0,1,0,0,0,0,0,0
Tikka,11,0,0,0,0,0,0,0
Fajitas,0,9,0,0,0,0,0,0
Turkish,0,0,0,0,4,0,0,0
Tartar,0,0,0,0,0,1,0,0
Rollatini,0,0,0,0,0,0,0,2
Escarole,0,0,0,0,0,0,0,1
Cookies,0,2,4,4,0,1,0,6
Po,0,0,4,0,0,0,2,0
Cloud,0,0,1,0,0,0,0,0
Cannellini,0,0,0,0,0,0,0,2
Sushi,0,0,0,0,0,19,0,0
Broken,1,0,0,0,0,0,0,0
From,1,0,0,0,0,0,0,0
ChineseStyle,0,0,7,0,0,0,0,0
Toss,0,0,0,0,0,0,0,2
Bread,7,2,0,14,3,3,0,23
Bean,2,27,7,7,5,1,2,3
Pennsylvania,0,0,0,1,0,0,0,0
Tikki,1,0,0,0,0,0,0,0
In,0,0,0,0,1,0,0,0
Cauliflower,18,1,0,0,3,0,1,0
Andalusian,0,0,0,0,1,0,0,0
Coffee,1,0,0,2,0,2,1,0
Eight,0,0,2,0,0,0,0,0
Fak,0,0,0,0,0,0,1,0
Crispy,1,0,5,1,0,3,1,0
Of,0,0,0,0,0,0,0,1
Meaty,0,0,0,0,0,0,0,1
Gaeng,0,0,0,0,0,0,1,0
Mizu,0,0,0,0,0,1,0,0
Fries,1,0,0,0,1,0,0,0
Burgers,2,2,1,3,0,0,3,0
Verde,0,7,0,0,0,0,0,0
Meat,2,3,2,0,0,0,0,3
Gobi,6,0,0,0,0,0,0,0
Hamburger,0,1,0,2,0,0,0,0
Mao,0,0,0,0,0,0,2,0
Cheaters,0,1,0,0,0,0,0,0
Wedges,0,0,0,0,2,0,0,0
Parsley,0,0,0,0,2,0,0,0
di,0,0,0,0,2,0,0,1
Four,1,0,0,0,0,0,0,3
Better,0,0,1,0,0,0,0,1
God,0,0,0,0,1,0,0,0
Zucchini,1,3,0,2,17,0,0,6
Mostaccioli,0,0,0,0,0,0,0,1
Upma,2,0,0,0,0,0,0,0
PanFried,0,0,3,0,3,0,0,1
Man,0,0,0,0,0,0,3,0
Brooklyn,0,0,0,0,0,0,0,1
Cornish,1,0,0,0,0,0,0,0
Ng,0,0,1,0,0,0,0,0
Kushiyaki,0,0,0,0,0,2,0,0
Alicias,1,0,0,0,0,0,0,0
Flour,1,2,0,0,0,0,0,0
Cobbler,0,0,0,10,0,0,0,0
Giardiniera,0,0,0,0,0,0,0,1
Faux,1,0,0,0,0,0,0,0
Lychees,0,0,0,0,0,0,1,0
WasabiButter,0,0,0,1,0,0,0,0
Coleslaw,0,1,0,2,0,0,1,0
Halwa,1,0,0,0,0,0,0,0
Angelas,0,1,0,0,0,0,0,0
Frogmore,0,0,0,1,0,0,0,0
Absolutely,1,1,0,0,0,0,0,0
Olives,0,0,0,0,1,0,0,0
NikkiStyle,0,0,0,0,0,0,1,0
Azuki,0,0,0,0,0,1,0,0
West,0,0,0,1,0,0,0,1
Super,0,2,1,0,0,0,0,0
Region,0,0,0,1,0,0,0,0
Subji,1,0,0,0,0,0,0,0
Guacamole,0,7,0,1,1,1,0,0
Panang,0,0,0,0,0,0,5,0
and,55,36,59,39,43,22,35,50
Laddu,1,0,0,0,0,0,0,0
MediterraneanInspired,0,0,0,0,1,0,0,0
Andouille,0,0,0,1,0,0,0,0
than,0,0,1,0,0,0,0,1
Mix,1,4,0,1,0,0,0,1
Peking,0,0,3,0,0,0,0,0
Pa,0,0,1,0,0,0,0,0
Dashi,0,0,0,0,0,4,0,0
Crust,0,1,0,0,0,0,0,8
Kohlrabi,0,0,0,0,1,0,0,0
Zest,0,0,1,0,0,0,0,0
Years,0,0,0,0,0,1,0,0
Top,0,1,0,0,0,0,0,0
Dofu,0,0,2,0,0,0,0,0
Melt,0,0,0,1,0,0,0,0
Campbells,0,1,0,0,0,0,0,0
Ribbons,0,0,0,0,1,0,0,0
Sheet,0,0,0,1,1,0,0,0
Phujia,1,0,0,0,0,0,0,0
Marians,1,0,0,0,0,0,0,0
Overnight,0,0,1,0,0,0,0,0
Ups,0,0,0,0,0,0,0,2
WWII,0,0,0,1,0,0,0,0
Spring,0,0,2,0,0,1,4,0
Grass,0,0,0,0,0,0,2,0
Tampa,1,0,0,0,0,0,0,0
Cacio,0,0,0,0,0,0,0,3
Style,9,5,12,8,1,1,5,6
Caras,0,0,0,0,0,0,0,1
Fortune,0,0,2,0,0,0,0,0
Motoyaki,0,0,0,0,0,1,0,0
Tsaos,0,0,1,0,0,0,0,0
Almonds,0,0,0,0,1,0,0,0
Saagwala,1,0,0,0,0,0,0,0
Seafood,0,1,0,1,0,1,0,2
Orleans,0,0,0,2,0,0,0,0
Wontons,0,0,2,0,0,0,0,0
Bake,0,8,0,2,2,0,0,7
Kasutera,0,0,0,0,0,2,0,0
OnePot,1,0,0,0,0,0,0,0
Khao,0,0,0,0,0,0,7,0
Sarahs,0,0,0,0,0,1,0,0
Pesto,1,0,0,1,2,1,0,25
Ronaldos,0,1,0,0,0,0,0,0
Gumbo,0,0,0,5,0,0,0,0
Tofu,8,0,15,0,0,14,9,2
Tempura,0,0,0,0,0,4,0,0
Gelatin,0,0,2,0,0,1,0,0
BiryaniStyle,1,0,0,0,0,0,0,0
Subzi,1,0,0,0,0,0,0,0
Bulgur,0,0,0,0,1,0,0,0
Creme,0,0,0,0,0,0,0,1
Zucchilattas,0,1,0,0,0,0,0,0
Germ,0,0,0,1,0,0,0,0
Crisp,0,0,0,4,0,0,0,1
Kai,0,0,0,0,0,0,2,0
Neeo,0,0,0,0,0,0,1,0
Quorn,1,0,0,0,0,0,0,0
Sunomono,0,0,0,0,0,3,0,0
Friendship,0,0,0,1,0,0,0,0
Pulled,0,0,0,3,0,0,0,0
Delightful,1,0,0,0,0,0,0,0
Pastries,0,0,1,0,0,0,0,0
Carp,0,0,1,0,0,0,0,0
Foglie,0,0,0,0,1,0,0,0
General,0,0,5,0,0,0,0,0
ThaiFlavored,0,0,0,0,0,0,1,0
Souvlaki,0,0,0,0,1,0,0,0
Beng,0,0,1,0,0,0,0,0
Romaine,0,0,0,0,1,0,0,0
Makhani,11,0,0,0,0,0,0,0
on,0,3,0,0,1,0,1,1
Hiyayakko,0,0,0,0,0,1,0,0
Crumb,0,0,0,0,0,0,0,1
Splendor,1,0,0,0,0,0,0,0
Stand,1,0,0,0,0,0,0,0
Koftas,1,0,0,0,0,0,0,0
Influenced,0,0,0,0,0,1,0,0
Eew,0,0,0,0,0,0,1,0
Tapenade,0,0,0,0,1,0,0,1
Peppercorn,0,0,1,0,0,0,0,0
Dal,8,0,0,0,0,0,0,0
Lazy,0,0,1,0,0,0,0,0
Abbys,0,0,0,0,0,0,0,1
Fusion,0,0,0,0,0,1,0,0
Crunchy,0,1,0,1,0,0,1,1
Tuscan,0,0,0,0,0,0,0,2
I,5,18,7,18,3,2,0,22
Breaded,0,0,0,0,0,0,1,1
Cake,0,4,5,14,0,7,3,7
Fry,3,0,4,1,0,1,1,0
Japanesestyle,0,0,0,0,0,1,0,0
Omelet,1,0,0,0,0,3,0,0
Duro,0,0,0,0,1,0,0,0
Refreshing,0,0,0,0,1,0,0,0
Microwave,0,0,0,0,0,2,0,1
Curried,25,0,0,0,0,0,2,0
Dog,0,0,0,2,0,0,0,0
Cristo,0,0,0,1,0,0,0,0
Taro,0,0,0,0,0,0,1,0
Als,0,0,0,1,0,0,0,0
Gosht,2,0,0,0,0,0,0,0
Chile,0,13,1,0,0,1,2,0
Ultimo,0,1,0,0,0,0,0,0
Challah,0,0,0,2,0,0,0,0
Dads,0,0,0,0,0,0,1,0
ItalianStyle,0,0,0,0,0,0,0,1
CucumberCilantro,1,0,0,0,0,0,0,0
Charra,0,1,0,0,0,0,0,0
Breasts,0,0,0,3,0,0,0,0
Fakes,0,0,0,0,1,0,0,0
Topping,0,0,0,0,0,0,0,1
Thick,1,0,0,0,0,1,0,0
Halibut,1,0,0,5,0,0,0,1
Sheep,0,0,0,0,0,0,0,1
OrangeMaple,0,0,0,0,1,0,0,0
Worth,0,0,0,0,0,0,1,0
Ground,3,4,4,1,0,0,2,1
Suan,0,0,1,0,0,0,0,0
Arrabiata,0,0,0,0,0,0,0,1
Clam,0,0,1,6,0,0,1,0
Vindaloo,6,0,0,0,0,0,0,0
MaidRite,0,0,0,1,0,0,0,0
Skewers,1,0,1,0,1,1,1,0
Deluxe,0,0,0,0,0,0,0,1
Saag,6,0,0,0,0,0,0,0
Anise,0,0,1,0,0,0,0,0
Momos,0,0,1,0,0,0,0,0
Easy,28,23,5,7,12,4,7,18
Busy,0,1,0,0,0,0,0,0
Flavorful,0,0,1,0,0,0,0,0
Peppers,1,3,2,0,1,0,1,4
Creamy,3,3,2,5,1,0,0,8
Philly,0,0,0,2,0,0,0,0
CoconutCurry,1,0,0,0,0,0,0,0
Mung,0,0,0,0,0,0,3,0
Pav,1,0,0,0,0,0,0,0
Boil,0,0,0,1,0,1,0,0
Sirloin,0,1,0,0,0,0,0,0
Hudsons,0,0,0,1,0,0,0,0
Country,0,0,0,3,0,0,0,0
Butternut,1,0,0,1,0,0,1,2
Perfection,0,0,0,1,0,0,0,0
Shiso,0,0,0,0,0,1,0,0
Oyako,0,0,0,0,0,1,0,0
Santa,0,1,0,1,0,0,0,0
Fantastique,0,0,0,0,0,0,0,1
Cube,0,1,0,0,0,0,0,1
Awesome,0,1,0,2,0,0,0,2
Queso,0,0,0,0,1,0,0,0
Puttanesca,0,0,0,0,0,0,0,1
Drowned,0,1,0,0,0,0,0,0
Shahi,1,0,0,0,0,0,0,0
Flatbread,1,0,0,0,0,0,0,0
Extra,0,0,1,0,1,0,0,0
VeganStyle,1,0,0,0,0,0,0,0
Whitneys,0,0,1,0,0,0,0,0
Wonderful,0,0,0,1,0,0,0,0
Recipe,3,0,1,0,1,3,1,1
Campagnola,0,0,0,0,1,0,0,0
Steamed,0,0,17,0,1,3,7,0
Kratiem,0,0,0,0,0,0,2,0
Leeks,0,0,0,0,0,0,1,0
Mexicano,0,2,0,0,0,0,0,0
Naanlike,1,0,0,0,0,0,0,0
Night,0,1,0,0,0,0,0,0
Szechwan,0,0,2,0,0,0,0,0
Kung,0,0,3,0,0,0,0,0
Oregon,0,0,0,1,0,0,0,0
Tamago,0,0,0,0,0,1,0,0
Saury,0,0,0,0,0,1,0,0
Meatballs,0,0,2,1,0,1,1,13
Kiwi,1,0,0,0,0,0,0,0
Teriyaki,0,0,0,0,0,8,0,0
Haldi,1,0,0,0,0,0,0,0
CilantroLime,0,2,0,0,0,0,0,0
Lawd,0,0,0,0,0,0,1,0
Bolognese,0,0,0,0,0,0,0,4
Dynamite,0,0,0,0,0,1,0,0
Katsu,0,0,0,0,0,3,0,0
Made,1,0,0,0,0,0,0,0
Ginger,2,0,8,2,0,6,3,0
Loin,1,0,0,2,1,0,0,1
Bruschetta,0,0,0,0,0,0,0,8
Mustard,2,0,0,0,0,0,0,0
Dukkah,0,0,0,0,1,0,0,0
HoneyCumin,0,1,0,1,0,0,0,0
Bonito,0,0,0,0,0,1,0,0
Tortilla,0,13,0,0,0,0,0,0
Fagioli,0,0,0,0,4,0,0,8
Coal,0,0,0,1,0,0,0,0
Ties,0,0,0,0,0,0,0,1
Samosadilla,1,0,0,0,0,0,0,0
Vicious,0,0,1,0,0,0,0,0
St,0,0,0,1,0,0,0,0
American,0,0,0,0,0,0,0,1
Vegetable,12,2,4,0,3,0,2,3
Lai,0,0,0,0,0,0,1,0
Hibbs,0,0,0,1,0,0,0,0
Buckeye,0,0,0,1,0,0,0,0
Lollipops,0,0,0,1,0,0,0,0
Relleno,0,2,0,0,0,0,0,0
Peel,0,0,1,0,0,0,0,0
Favorite,0,2,0,2,0,0,0,0
Orzo,0,0,0,0,1,0,0,3
Sarson,1,0,0,0,0,0,0,0
Bay,0,0,0,1,0,0,0,0
Sprouts,1,0,1,1,1,0,0,1
LemonCaper,0,0,0,1,0,0,0,0
Empanadas,0,1,0,0,2,0,0,0
Hawaiian,0,0,0,2,0,0,0,0
Barlows,0,0,0,1,0,0,0,0
Garbanzos,0,0,0,0,1,0,0,0
Italian,1,0,0,3,10,0,0,84
Oatmeal,0,0,0,3,0,0,0,0
Simmered,1,0,0,0,0,1,0,0
Lees,0,0,1,0,0,0,0,0
Tagliatelle,0,0,0,0,1,0,0,0
Boudreauxs,0,0,0,1,0,0,0,0
Tails,0,0,0,2,0,0,0,0
Smoothie,1,0,0,0,0,0,0,0
Kofta,2,0,0,0,0,0,0,0
Inari,0,0,0,0,0,1,0,0
3Ingredient,0,0,0,0,0,1,0,0
Cocoa,0,0,0,0,0,0,1,0
Chutney,15,0,0,1,0,0,0,0
Mock,0,0,1,0,0,0,0,0
Supreme,0,2,0,1,0,0,0,0
Light,0,0,1,0,0,0,0,0
TomatoMozzarella,0,0,0,0,1,0,0,0
Soft,0,3,0,0,0,1,0,0
Braised,0,0,5,2,0,1,0,1
MahHaw,0,0,0,0,0,0,1,0
Tres,0,3,0,0,0,0,0,0
Bowl,0,0,3,0,0,7,1,0
Wine,0,0,1,1,0,0,0,1
Carnitas,0,7,0,0,0,0,0,0
Doogies,0,0,0,0,1,0,0,0
Noodles,2,0,13,0,1,3,13,1
Rangoon,0,0,2,0,0,0,0,0
Ear,0,0,1,0,0,0,0,0
Sai,0,0,0,0,0,0,1,0
Tequila,0,1,0,1,0,0,0,0
Gai,0,0,2,0,0,0,10,0
Charleston,0,0,0,1,0,0,0,0
Nabe,0,0,0,0,0,1,0,0
Blood,0,0,0,0,1,0,0,0
Carries,0,0,0,0,0,0,1,1
My,0,1,1,2,1,1,0,0
Casserole,1,32,1,9,0,0,0,7
Glazed,0,0,0,3,0,0,0,0
Ladoo,1,0,0,0,0,0,0,0
Blackberry,0,0,0,3,0,0,0,0
Down,0,0,0,1,0,0,0,0
DAutunno,0,0,0,0,1,0,0,0
Antipasto,0,0,0,0,2,0,0,2
Muffins,0,0,0,3,0,1,0,0
Dressing,1,4,0,1,2,6,2,6
Poblano,0,2,0,0,0,0,0,0
Fudge,1,0,0,0,0,0,0,0
Kale,1,0,0,0,1,0,0,5
Blend,1,0,0,1,0,0,0,0
Drunken,0,1,0,0,0,0,2,0
Cashews,2,0,1,0,0,0,1,0
Rocks,0,1,0,0,0,0,0,0
Rogan,1,0,0,0,0,0,0,0
Shortcake,0,0,0,1,0,0,0,0
Karyns,0,0,0,1,0,0,0,0
Sabudana,1,0,0,0,0,0,0,0
Filet,0,0,1,0,0,0,0,0
Dead,0,1,0,0,0,0,0,0
Tomato,12,7,4,5,4,0,2,16
Muhammara,0,0,0,0,1,0,0,0
Turnips,3,0,0,0,0,1,0,0
Lovers,0,0,0,0,0,0,0,1
Vegetables,2,0,4,0,8,0,2,1
Sourdough,0,0,0,1,0,0,0,0
Mozzarella,0,0,0,0,1,1,0,3
Ranch,0,3,0,2,0,1,0,0
Mamas,0,0,0,0,0,0,0,1
PanSeared,0,0,0,0,1,0,0,0
Gau,0,0,1,0,0,0,0,0
Jimmys,0,1,0,0,0,0,0,0
Quesadillas,0,11,0,2,0,0,0,0
Caldo,0,1,0,0,0,0,0,0
Round,0,0,0,1,0,0,0,0
Peas,7,0,2,1,0,0,1,1
Ramen,0,0,0,0,0,6,0,0
Tao,0,0,1,0,0,0,0,0
Rosys,1,0,0,0,0,0,0,0
Konbu,0,0,0,0,0,1,0,0
Tartare,0,0,0,0,1,1,0,0
Jambalaya,0,0,0,9,0,0,0,0
Tip,0,0,0,0,0,0,1,0
Lobster,0,0,3,3,0,0,0,0
Sandwiches,1,2,0,3,0,0,0,2
Thong,0,0,0,0,0,0,1,0
Twelve,0,0,0,0,0,0,0,1
Seasoned,0,0,0,0,0,0,1,0
Rose,1,0,0,0,0,0,0,0
Low,0,0,0,1,0,0,0,0
Yen,0,0,0,0,0,0,1,0
Indianstyle,1,0,0,0,0,0,0,0
King,0,0,0,2,0,0,1,0
Molasses,0,0,0,1,0,0,0,0
JapaneseInspired,0,0,0,0,0,1,0,0
Saporite,0,0,0,0,0,0,0,1
Venison,0,1,0,1,0,0,0,0
Marvels,0,0,0,0,0,1,0,0
Enchiladas,0,48,0,1,0,0,0,0
Congee,0,0,8,0,0,0,0,0
Ajillo,0,0,0,0,1,0,0,0
Creole,0,0,0,5,0,0,0,0
Goo,0,0,2,0,0,0,0,0
Double,0,3,1,0,0,0,0,2
7,0,0,0,0,0,1,0,0
Filled,0,0,0,0,0,0,0,1
Beefy,0,1,1,0,0,0,0,1
Five,0,0,2,0,0,0,0,0
Bell,0,0,0,0,0,0,0,1
CoconutChicken,0,0,0,0,0,0,1,0
Masala,35,0,0,0,0,0,0,0
Sugo,0,0,0,0,1,0,0,0
Misozuke,0,0,0,0,0,1,0,0
Barons,0,0,0,1,0,0,0,0
Marinade,0,5,1,2,1,3,1,1
Honey,0,0,2,4,0,2,0,0
Market,0,1,0,1,1,0,0,0
Broth,0,0,0,0,0,1,0,0
Easiest,0,0,0,0,0,0,0,1
Aloo,14,0,0,0,0,0,0,0
Fried,3,1,12,9,1,10,15,0
Pantry,1,1,0,0,0,0,0,0
Carrots,2,0,0,2,3,0,0,0
Hong,0,0,7,0,0,0,0,0
NoCream,0,0,0,0,0,0,0,1
England,0,0,0,1,0,0,0,0
Calzone,0,0,0,0,0,0,0,1
Boats,0,0,0,0,1,0,0,0
Tomalito,0,1,0,1,0,0,0,0
MilkFree,0,0,0,0,0,0,1,0
Sooji,1,0,0,0,0,0,0,0
Stars,0,0,0,0,0,0,0,1
Freezer,0,0,0,0,0,0,0,1
Hazelnut,0,0,0,0,0,0,0,1
Peach,1,0,0,6,0,0,0,0
Spicy,29,19,17,5,3,4,17,2
Spices,1,0,0,0,0,0,0,0
Samosas,7,0,0,0,0,0,0,0
TakeOut,0,0,1,0,0,0,0,0
Tobiko,0,0,0,0,0,1,0,0
Ka,2,0,0,0,0,0,2,0
Roasted,4,3,2,7,10,1,0,7
Caramelized,0,0,0,0,0,0,0,1
Lassi,9,0,0,0,0,0,0,0
Velveting,0,0,1,0,0,0,0,0
Veggies,0,0,0,0,0,0,0,1
Pasta,0,2,2,7,12,0,2,51
Daddys,0,0,1,0,0,0,0,0
Michigander,0,0,0,1,0,0,0,0
Phulourie,1,0,0,0,0,0,0,0
Dry,1,0,0,1,0,0,0,0
Sausage,0,0,1,6,1,1,0,23
Andreas,0,0,0,0,0,0,0,1
Outrageous,0,1,0,0,0,0,0,0
Rollups,0,1,0,0,0,0,0,0
Chia,0,0,0,0,2,0,0,0
SausageStuffed,0,0,0,0,1,0,0,1
HunanStyle,0,0,1,0,0,0,0,0
Slices,0,1,0,0,0,0,0,0
Minestrone,0,0,0,1,0,0,0,5
Batmans,0,0,0,0,0,0,0,1
LatinInspired,0,1,0,0,0,0,0,0
Spareribs,0,0,3,0,0,0,0,0
Bowtie,0,0,0,0,0,0,0,1
Margherita,1,0,0,0,0,0,0,1
KongStyle,0,0,1,0,0,0,0,0
Mochi,0,0,0,0,0,11,0,0
Chakin,0,0,0,0,0,1,0,0
Kheema,2,0,0,0,0,0,0,0
Himalayan,1,0,0,0,0,0,0,0
Sukha,1,0,0,0,0,0,0,0
Scampi,0,0,0,0,0,0,0,4
Fettuccini,0,0,0,1,0,0,0,3
Fondue,0,0,0,1,0,0,0,0
Bangaladumpa,1,0,0,0,0,0,0,0
Portobella,0,0,0,0,1,0,0,0
Lolas,0,1,0,0,0,0,0,0
Yuki,0,0,0,0,0,1,0,0
Beckys,0,0,0,0,0,0,1,0
Forgotten,0,1,0,0,0,0,0,0
Chilaquiles,0,1,0,0,0,0,0,0
Rolls,0,1,4,1,0,4,7,1
StirFry,2,0,14,0,0,3,3,0
Tantanmen,0,0,1,0,0,0,0,0
Apricot,2,0,0,1,0,0,0,0
Eastern,0,0,0,0,1,0,0,0
Lucys,0,0,0,0,0,1,0,0
Mi,0,0,1,0,0,0,0,0
Chopped,0,0,0,0,1,0,0,0
Beetroot,1,0,0,0,0,0,0,0
Zuppa,0,0,0,0,0,0,0,3
Mochiko,0,0,1,0,0,0,0,0
MustTry,0,0,1,0,0,0,0,0
Naan,5,0,0,0,0,0,0,0
Rotti,1,0,0,0,0,0,0,0
Nariyal,1,0,0,0,0,0,0,0
MangoPineapple,1,0,0,0,0,0,0,0
Siciliano,0,0,0,0,0,0,0,1
Long,0,0,1,0,0,0,0,0
Ceviche,0,3,0,0,0,0,0,0
Gigantes,0,0,0,0,1,0,0,0
Sambar,1,0,0,0,0,0,0,0
estilo,0,1,0,0,0,0,0,0
Whisky,0,0,0,1,0,0,0,0
Glos,0,0,0,0,0,1,0,0
Kickin,0,1,0,1,0,0,0,0
Cheddar,0,0,0,0,0,0,0,1
Gallo,0,4,0,1,0,0,0,0
Posole,0,2,0,0,0,0,0,0
Mayan,0,1,0,0,0,0,0,0
Kawa,0,0,0,0,0,1,0,0
Korean,0,1,0,0,0,0,0,0
Brinjal,1,0,0,0,0,0,0,0
ParmesanCrusted,0,0,0,1,0,0,0,0
Scrambled,0,0,0,0,0,1,0,0
Amazing,0,2,0,1,0,0,1,4
Vin,0,0,0,0,0,0,0,1
India,2,0,0,0,0,0,0,0
Syrup,0,0,0,1,0,0,4,0
Confetti,0,0,0,0,0,0,0,1
Spanish,0,4,0,0,6,0,0,0
CountryStyle,0,0,0,1,0,1,0,0
RollUps,0,2,0,0,0,0,0,0
Nasu,0,0,0,0,0,1,0,0
Bow,0,0,0,0,0,0,0,1
Avocado,0,9,1,2,1,2,1,0
Ew,0,0,0,0,0,0,1,0
Gulab,1,0,0,0,0,0,0,0
Whole,2,1,0,0,2,0,2,0
Brussels,0,0,0,1,1,0,0,1
Sweet,10,7,16,16,4,7,10,2
Gift,0,0,0,0,0,0,0,1
Keons,1,0,0,0,0,0,0,0
Foster,0,1,0,1,0,0,0,0
Sum,0,0,1,0,0,0,0,0
Phad,0,0,0,0,0,0,1,0
Eggplants,0,0,0,0,0,0,1,0
Wisconsin,0,0,0,3,0,0,0,0
President,0,0,0,1,0,0,0,0
Cookie,0,0,1,1,0,0,0,0
Sticky,0,0,2,1,0,0,7,0
IV,0,2,0,0,1,0,0,3
Pulao,2,0,0,0,0,0,0,0
Seed,0,0,0,0,0,1,0,0
GreekStyle,0,0,0,0,1,0,0,0
e,0,0,0,0,3,0,0,8
SlowCooked,0,1,1,1,0,0,0,0
Secret,0,1,0,0,0,0,0,0
Healthier,0,1,0,0,0,0,0,0
New,0,0,4,9,0,1,0,1
Heavenly,0,0,0,1,0,0,0,0
Kashmiri,3,0,0,0,0,0,0,0
Candied,0,0,0,1,0,0,1,0
Hearty,0,0,0,0,0,0,0,3
German,0,0,0,1,0,0,0,0
Ma,0,0,2,0,0,0,0,0
Sesame,1,0,4,1,0,12,0,0
Barbequed,0,0,2,1,0,0,2,0
Piah,0,0,0,0,0,0,2,0
Nannys,0,0,0,0,0,0,0,1
Onions,3,0,1,1,1,0,0,2
Onigiri,0,0,0,0,0,3,0,0
CanaiParatha,1,0,0,0,0,0,0,0
or,0,1,2,1,0,0,0,2
Kens,0,1,0,0,0,0,1,0
Bhurtha,1,0,0,0,0,0,0,0
Border,0,1,0,0,0,0,0,0
Signature,0,0,0,0,0,0,0,1
WholeWheat,0,0,0,1,0,0,0,0
Gras,0,0,0,1,0,0,0,0
Seasonings,0,1,0,0,0,0,0,0
Ribollita,0,0,0,0,1,0,0,0
Champuru,0,0,0,0,0,2,0,0
Refry,0,1,0,0,0,0,0,0
Iron,0,0,0,1,0,0,0,0
Scallion,0,0,4,0,0,0,0,0
Fish,7,9,8,7,4,0,4,1
Hot,6,5,10,3,0,0,2,2
Dongan,0,0,2,0,0,0,0,0
Barbecued,0,0,2,1,1,0,0,0
Ten,0,1,1,0,0,0,0,0
Choy,0,0,4,0,0,0,0,0
Tea,6,0,3,1,0,10,3,0
Pearl,0,0,1,0,1,0,1,0
Ahi,0,0,1,0,0,0,0,0
Split,2,0,0,1,0,0,0,0
Layered,1,2,0,1,0,0,0,0
Maharani,1,0,0,0,0,0,0,0
Chinese,0,0,132,0,0,0,0,0
Amish,0,0,0,9,0,0,0,0
Air,0,0,0,0,1,0,0,0
Stovetop,0,0,0,0,0,0,0,1
Gratin,0,0,0,0,1,0,0,0
Extraordinaire,0,0,0,1,0,0,0,0
Curry,87,0,1,0,0,7,59,0
Vinegar,0,0,0,1,1,2,0,0
Nityas,1,0,0,0,0,0,0,0
Tots,0,0,1,0,0,0,0,0
Akki,1,0,0,0,0,0,0,0
Clams,0,0,0,1,0,1,1,1
Pao,0,0,3,0,0,0,0,0
Carrot,7,1,1,0,1,0,2,0
Yu,0,0,1,0,0,0,0,0
Karaage,0,0,0,0,0,2,0,0
Wazzu,0,0,0,1,0,0,0,0
Artichoke,0,1,0,1,0,0,0,4
Marshmallow,0,0,0,0,0,2,0,0
Chana,6,0,0,0,0,0,0,0
Chanpuru,0,0,0,0,0,1,0,0
Basic,2,0,0,0,1,1,0,3
Machhali,1,0,0,0,0,0,0,0
Pimento,0,0,0,1,0,0,0,0
Quality,0,0,1,0,0,0,0,0
Ajoblanco,0,0,0,0,1,0,0,0
Haystacks,0,1,0,0,0,0,0,0
Espys,0,1,0,0,0,0,0,0
Colleens,0,0,0,1,0,0,0,0
Blancmange,0,0,0,0,0,1,0,0
Corn,2,21,5,10,1,0,2,1
Lisas,0,1,0,0,0,0,0,0
Moist,0,0,0,1,0,0,0,0
Garam,4,0,0,0,0,0,0,0
Deviled,0,0,0,0,0,3,0,0
Se,0,0,0,0,0,0,1,0
IndianSpiced,2,0,0,0,1,0,0,0
Kamin,0,0,0,0,0,0,1,0
StirFried,1,0,7,0,0,1,3,0
Latkes,1,0,0,1,0,0,0,0
Konbudashi,0,0,0,0,0,1,0,0
Pancakes,1,0,8,3,0,2,0,0
Aztec,0,1,0,0,0,0,0,0
Drunkards,0,0,0,0,0,0,1,0
OneEgg,0,0,1,0,0,0,0,0
Stir,0,0,4,0,0,1,1,0
Lunar,0,0,2,0,0,0,0,0
Calamari,0,0,0,0,0,0,0,1
Lions,0,0,3,0,0,0,0,0
Ume,0,0,0,0,0,1,0,0
Nachos,0,4,0,0,0,0,0,0
Tender,0,0,1,0,0,0,2,1
Frijoles,0,1,0,0,0,0,0,0
Pecan,0,0,0,9,0,0,0,0
Fluffy,0,0,0,1,0,1,0,0
Mongolian,0,0,5,0,0,0,0,0
Legs,0,0,0,0,0,0,3,0
Fajita,0,7,0,0,0,0,0,0
Soi,0,0,0,0,0,0,1,0
Asada,0,3,0,0,0,0,0,0
Fake,0,0,0,0,0,1,0,0
Iced,0,0,0,0,0,0,3,0
Glass,0,0,1,0,0,0,1,0
Cheese,1,15,0,7,4,2,0,17
Seven,0,5,0,1,0,0,0,0
Stick,0,0,0,0,0,0,0,1
Firecracker,0,0,0,1,0,0,0,0
Peanut,5,1,2,0,0,0,18,0
Rugelach,0,0,0,1,0,0,0,0
Maria,0,0,0,1,0,0,0,0
For,0,0,0,0,0,0,0,1
Koa,0,0,0,0,0,0,1,0
Vandels,0,0,0,0,1,0,0,0
Pickled,0,0,2,0,1,2,0,0
Tamale,0,1,0,0,0,0,0,0
Debs,0,0,1,1,0,0,0,0
Vermicelli,0,0,1,0,0,0,0,0
GingerSpiced,0,0,0,0,0,1,0,0
Gourd,0,0,0,0,0,1,0,0
KetoFriendly,0,0,0,0,0,0,1,0
Almond,0,0,4,1,1,0,0,0
Smoked,0,0,0,0,0,1,0,0
Italiana,0,0,0,0,0,0,0,1
Pork,4,11,59,11,0,10,13,12
Gerrys,0,1,0,0,0,0,0,0
Goan,1,0,0,0,0,0,0,0
Jorges,1,0,0,0,0,0,0,0
Ice,1,0,0,0,0,3,0,0
Picante,0,2,0,0,0,0,0,0
FlavorFest,1,0,0,0,0,0,0,0
Italiano,0,0,0,0,0,0,0,4
BetterThanOlive,0,0,0,0,0,0,0,1
Sauceless,0,0,0,0,0,0,0,1
PaprikaParmesan,0,0,0,1,0,0,0,0
Grandmas,0,0,2,2,0,0,0,1
Heinz,1,0,0,0,0,0,0,0
Pandan,0,0,0,0,0,0,5,0
Sriracha,0,0,0,0,0,0,1,0
Wife,0,0,1,0,0,0,0,0
Breast,0,0,1,0,1,0,0,2
Popcorn,0,0,1,0,0,0,0,0
Fillets,2,0,0,3,0,0,0,1
Kikkoman,0,0,1,0,0,0,0,0
Focaccia,0,0,0,0,0,0,0,3
Fazool,0,0,0,0,0,0,0,1
Kabocha,0,0,0,0,0,1,0,0
Tamarind,3,0,0,0,0,0,2,0
Raid,0,1,0,0,0,0,0,0
Heirloom,0,0,0,0,2,0,0,0
Really,0,1,0,0,0,0,0,0
person,0,0,1,0,0,0,0,0
Pastry,0,0,1,0,0,0,0,0
Mai,0,0,1,0,0,0,0,0
Owens,0,0,1,0,0,0,0,0
Toronto,0,0,0,0,0,0,1,0
Todds,0,0,0,0,0,0,1,0
SoyFree,0,0,0,0,0,0,1,0
Cold,0,0,4,0,2,1,1,0
Potsticker,0,0,0,0,0,1,1,0
Gram,1,0,0,0,0,0,0,0
Chipotle,0,5,0,1,0,0,0,0
Cholay,1,0,0,0,0,0,0,0
Strawberries,0,0,0,1,0,0,0,0
amp,0,1,0,2,1,0,0,0
Omurice,0,0,0,0,0,2,0,0
Devils,0,0,0,0,0,0,1,0
Hainanese,0,0,3,0,0,0,0,0
PotatoLentil,1,0,0,0,0,0,0,0
Dom,0,0,0,0,0,0,1,0
Jersey,0,0,0,3,0,0,0,0
Mousse,0,0,0,0,0,1,0,1
Tomatillo,0,4,0,0,0,0,0,0
ChipotleLime,0,1,0,1,0,0,0,0
Sana,0,0,0,0,1,0,0,0
Jeeb,0,0,0,0,0,0,1,0
Koong,0,0,0,0,0,0,1,0
Paleo,1,0,0,0,0,0,0,0
Ca,0,0,1,0,0,0,0,0
II,6,24,9,20,3,2,0,22
Stephens,0,0,0,1,0,0,0,0
Skinned,0,0,1,0,0,0,0,0
Elaines,0,0,0,1,0,0,0,0
Chris,0,0,0,1,0,0,0,0
Barley,1,0,0,0,1,0,0,1
Kalbi,0,0,0,0,0,1,0,0
Kalamata,0,0,0,0,0,0,0,1
n,0,0,1,0,0,0,0,0
TamarindDate,1,0,0,0,0,0,0,0
Massaman,0,0,0,0,0,0,2,0
Northern,0,0,0,0,0,0,1,1
Chick,1,0,0,0,0,0,0,0
White,0,4,2,5,3,0,3,4
Swedish,0,0,0,1,0,0,0,0
Parma,0,0,0,0,1,0,0,0
Chocolate,2,0,0,4,0,0,0,2
Southwestern,0,7,0,0,0,0,0,0
Fat,0,1,0,0,0,0,0,0
Lamb,14,0,2,3,2,0,2,1
Adovada,0,1,0,0,0,0,0,0
Napa,0,0,1,0,0,0,0,0
Cashew,3,0,0,1,0,0,3,0
Rajma,2,0,0,0,0,0,0,0
Absolute,0,1,0,0,0,0,0,0
The,1,1,0,2,0,2,4,3
Florentine,0,0,0,1,1,0,0,4
Girls,0,0,0,0,0,0,0,1
Channa,1,0,0,0,0,0,0,0
Chuka,0,0,0,0,0,1,0,0
Bao,0,0,2,0,0,0,0,0
Seeds,0,0,0,1,0,2,0,0
Habanero,0,0,0,1,0,0,0,0
Chess,0,0,0,2,0,0,0,0
III,1,8,2,3,0,0,0,5
Treasure,0,0,2,0,0,0,0,0
Cob,0,2,0,0,0,0,0,0
Thai,0,0,0,0,0,0,188,0
Imam,0,0,0,0,1,0,0,0
Cream,4,10,0,5,0,3,2,10
Eds,0,0,0,1,0,0,0,0
Mixed,0,0,1,0,0,0,0,0
Tabbouleh,0,0,0,0,2,0,0,0
Kentucky,0,0,0,3,0,0,0,0
Cotton,0,0,0,0,0,1,0,0
Ivano,0,0,0,0,0,0,0,1
Milk,4,1,4,0,0,2,4,0
Ham,0,0,1,4,1,0,0,0
Sheekh,1,0,0,0,0,0,0,0
Pita,0,0,0,0,2,0,0,0
Chip,0,0,0,3,0,0,0,0
Balsamic,0,0,0,3,1,0,0,7
Husband,0,0,0,1,0,0,0,0
Goya,0,0,0,0,0,2,0,0
Panzanella,0,0,0,0,1,0,0,1
Galangal,0,0,0,0,0,0,1,0
Margarita,0,4,0,0,0,0,0,0
Oven,0,1,0,1,0,0,0,0
Southern,0,0,0,15,0,0,0,0
Starter,0,0,0,1,0,0,0,0
Shredded,0,8,1,1,0,0,0,0
Veggie,1,0,0,2,1,1,0,2
Jalfrazie,1,0,0,0,0,0,0,0
Coconut,19,0,2,0,0,1,24,0
Chips,0,3,0,1,0,0,0,0
Donburi,0,0,0,0,0,2,0,0
Nigiri,0,0,0,0,0,1,0,0
alla,0,0,0,0,0,0,0,2
Chops,3,2,1,5,2,0,0,7
Bamboo,0,0,2,0,0,0,0,0
Winter,1,0,1,0,0,1,0,0
Grits,0,0,0,2,0,0,0,0
Okonomilotes,0,0,0,0,0,1,0,0
Oriental,0,0,1,0,0,1,1,0
Chowder,0,1,0,6,0,0,1,0
Authentic,4,7,3,2,1,4,7,0
Biryani,10,0,0,0,0,0,0,0
Hellfire,0,0,0,1,0,0,0,0
Hummus,0,0,0,0,8,0,0,0
Toscani,0,0,0,0,0,0,0,1
Blueberry,0,0,0,3,0,0,0,0
Cajun,0,0,0,18,0,0,0,0
Oranged,0,0,0,1,0,0,0,0
Alfredo,0,0,0,1,0,0,0,19
Pinto,0,2,0,1,0,0,0,0
Albondigas,0,2,0,0,0,0,0,0
IndianInfluenced,1,0,0,0,0,0,0,0
Eye,0,0,0,1,0,1,0,0
York,0,0,0,3,0,0,0,1
Jia,0,0,1,0,0,0,0,0
Squid,0,0,1,0,0,1,0,0
Brownie,0,0,0,0,0,0,0,1
Jamies,0,0,0,1,0,0,0,1
Side,0,0,0,0,2,0,0,0
Teppanyaki,0,0,0,0,0,1,0,0
One,0,1,0,1,0,0,0,0
Insalata,0,0,0,0,1,0,0,2
Valdostano,0,0,0,0,0,0,0,1
Coney,0,0,0,1,0,0,0,0
Roast,2,1,1,5,3,0,0,3
Cantonese,0,0,6,0,0,0,0,0
Dosas,1,0,0,0,0,0,0,0
Pickin,0,0,0,1,0,0,0,0
So,0,0,2,0,0,0,0,0
Bowls,0,0,0,0,0,1,0,1
Fresh,0,3,0,5,2,0,2,5
Pad,0,0,0,0,0,0,31,0
Qiezi,0,0,1,0,0,0,0,0
Sukhothai,0,0,0,0,0,0,1,0
Lucks,0,0,1,0,0,0,0,0
Keto,0,0,1,0,0,0,1,0
Salade,0,0,0,0,1,0,0,0
Carbonara,0,0,0,0,0,0,0,3
Thaistyle,0,0,0,0,0,0,1,0
Jameys,0,0,1,0,0,0,0,0
Canele,0,1,0,0,0,0,0,0
Lo,0,0,5,0,0,0,0,0
Radish,0,0,1,0,1,0,0,0
MidSummer,0,0,0,0,0,0,0,1
Remoulade,0,0,0,1,0,0,0,0
Linguine,0,0,0,2,1,0,0,2
Prawn,2,0,2,0,0,1,2,0
Heathers,0,1,0,0,0,0,0,0
Fruited,1,0,0,0,0,0,0,0
MasalaSpiced,1,0,0,0,0,0,0,0
Fire,0,0,1,1,0,0,0,0
Tarts,0,0,1,1,0,0,0,0
al,0,0,0,0,2,0,0,0
Wheat,2,1,0,1,2,0,0,0
Poached,0,0,1,0,0,1,1,0
Bun,0,0,1,0,0,0,0,0
Mangoes,0,0,0,0,0,0,1,0
Carolina,0,0,0,1,0,0,0,0
Bengali,1,0,0,0,0,0,0,0
Bangalore,1,0,0,0,0,0,0,0
Wilted,0,0,0,0,0,0,0,1
Concentrate,1,0,0,0,0,0,0,0
Soul,0,0,0,1,0,0,0,0
Agedashi,0,0,0,0,0,2,0,0
Brandis,0,0,1,0,0,0,0,0
Keema,5,0,0,0,0,0,0,0
Chaat,1,0,0,0,0,0,0,0
Tamagoyaki,0,0,0,0,0,1,0,0
Turmeric,5,0,0,0,0,0,0,0
Cider,0,0,0,1,0,0,0,0
Crazy,1,0,0,0,0,0,0,0
Snapper,0,1,0,0,0,0,0,0
Japanese,0,0,0,0,0,97,0,0
Mow,0,0,0,0,0,0,1,0
Smooth,0,0,0,1,0,0,0,0
BBQ,0,0,2,3,0,1,1,1
Cheesy,0,2,0,3,0,0,0,7
Chimichangas,0,6,0,2,0,0,0,0
Whits,0,1,0,0,0,0,0,0
Watermelon,0,0,0,0,1,0,0,0
Andys,0,1,0,0,0,0,0,0
Mac,0,0,0,1,0,0,0,0
Borracho,0,1,0,0,0,0,0,0
Buttery,1,0,0,1,0,0,0,0
Zoni,0,0,0,0,0,1,0,0
Melanzane,0,0,0,0,2,0,0,0
Walnuts,0,0,0,0,1,0,0,0
PotAuFeu,0,0,0,0,0,1,0,0
Spongy,0,0,0,0,0,2,0,0
FreeMango,0,0,0,0,0,0,1,0
Jenns,0,0,0,0,0,0,0,1
au,0,0,0,0,0,0,0,1
Lasagne,0,0,0,0,0,0,0,1
Sformato,0,0,0,0,1,0,0,0
Mild,2,1,0,1,0,0,1,1
Valentinos,0,0,0,0,0,0,0,1
HakkaStyle,0,0,1,0,0,0,0,0
Tenders,0,0,0,1,0,0,1,0
Furikake,0,0,0,0,0,1,0,0
Churros,0,1,0,0,0,0,0,0
Shepherds,1,1,0,0,0,0,0,0
Aaloo,1,0,0,0,0,0,0,0
Addictive,0,1,0,0,0,0,0,0
Root,1,0,1,0,1,0,1,0
Kha,0,0,0,0,0,0,4,0
Daan,0,0,1,0,0,0,0,0
Puerco,0,1,0,0,0,0,0,0
Monte,0,0,0,1,0,0,0,0
Okinawa,0,0,0,0,0,1,0,0
from,1,0,1,0,0,0,0,0
Lentils,8,0,0,0,0,0,0,0
Keertis,1,0,0,0,0,0,0,0
Brownbag,0,1,0,0,0,0,0,0
Tzatziki,0,0,0,0,2,0,0,0
Pla,0,0,0,0,0,0,2,0
House,0,0,1,0,0,0,0,0
Conchas,0,1,0,0,0,0,0,0
Gyoza,0,0,0,0,0,5,0,0
Maple,0,0,0,3,0,0,0,0
Feta,0,0,0,2,6,0,0,1
Cinnamon,0,3,0,0,0,0,0,2
Broiled,0,0,0,1,1,2,0,1
Arkansas,0,0,0,1,0,0,0,0
allAmatriciana,0,0,0,0,0,0,0,1
Shau,0,0,1,0,0,0,0,0
Razor,0,0,1,0,0,0,0,0
Crackers,0,0,0,1,0,0,0,0
Fruitcake,0,0,0,0,0,1,0,0
Layer,0,5,0,1,0,1,0,2
Fiery,0,1,1,1,0,0,0,0
Pixies,1,0,0,0,0,0,0,0
Nori,0,0,0,0,0,4,0,0
Zhu,0,0,1,0,0,0,0,0
Guisado,0,2,0,0,0,0,0,0
Kidney,3,0,0,0,0,0,0,0
Beet,1,0,0,0,0,0,0,0
Bhurji,1,0,0,0,0,0,0,0
Singapore,0,0,1,0,0,0,0,0
Rich,0,1,0,0,0,0,0,1
Irresistible,0,0,0,1,0,0,0,0
Prosciutto,1,0,0,1,1,0,0,1
Cupcakes,1,0,0,1,0,0,0,0
China,0,0,1,0,0,0,0,0
Gyu,0,0,0,0,0,1,0,0
Ultimate,0,0,0,0,0,0,0,1
Exotic,2,0,0,0,0,0,0,0
Exquisite,0,0,0,0,0,0,0,1
Green,5,9,9,7,1,12,20,1
Barbeque,1,0,3,1,0,0,1,0
Daves,0,0,0,1,0,0,0,0
Etouffee,0,0,0,3,0,0,0,0
Wings,2,0,5,4,2,1,3,0
Seasoning,0,7,0,1,0,0,0,0
Farmers,0,1,0,0,0,0,0,0
Buns,0,0,10,1,0,0,0,0
Traditional,1,1,3,0,1,2,0,3
Pie,2,8,0,13,0,0,0,2
Karhaai,1,0,0,0,0,0,0,0
Sake,0,0,0,0,0,2,0,0
HoshiShiitake,0,0,0,0,0,1,0,0
Stock,0,0,0,0,0,1,1,0
Dees,0,1,0,0,0,0,0,0
Pineapple,1,1,3,3,0,1,5,0
Southwest,0,3,0,1,0,0,0,0
Flautas,0,2,0,0,0,0,0,0
Downeast,0,0,0,1,0,0,0,0
Genmaicha,0,0,0,0,0,1,0,0
Cook,0,0,0,0,0,0,1,0
Navratan,2,0,0,0,0,0,0,0
Primavera,0,0,0,0,0,0,0,3
Kayo,0,0,0,0,0,0,1,0
Cool,0,1,0,0,0,0,0,0
Squash,1,0,0,5,4,2,2,5
Soy,0,0,2,1,0,5,0,0
Salty,0,0,1,0,0,0,0,0
Basil,0,0,0,0,2,0,13,4
Dip,2,22,0,6,0,1,1,2
Potato,17,5,2,14,5,3,1,3
Custard,0,0,1,0,0,0,1,0
Loose,0,0,0,1,0,0,0,0
Jasmines,0,0,0,0,0,0,0,1
Johns,2,0,2,4,1,1,0,8
Ahead,0,1,0,0,0,0,0,1
Manju,0,0,0,0,0,1,0,0
Artichokes,0,0,0,0,0,0,0,2
Anaheim,0,1,0,0,0,0,0,0
Oyakodon,0,0,0,0,0,2,0,0
Tonkotsu,0,0,0,0,0,1,0,0
Pumpkin,3,0,0,4,0,2,3,0
Egg,4,1,24,0,3,5,1,1
Raisins,2,0,0,0,2,0,0,0
Healthy,0,1,1,0,0,0,2,0
Incredibly,0,0,0,0,0,0,0,1
Melitzanes,0,0,0,0,1,0,0,0
Chahan,0,0,0,0,0,1,0,0
Apples,2,0,0,0,1,0,0,0
Haam,0,0,1,0,0,0,0,0
Cottage,1,1,0,0,0,0,0,0
Karens,0,1,0,0,0,0,0,0
Strawberry,1,0,0,1,0,1,0,0
MediterraneanStyle,0,0,0,0,1,0,0,0
Antojitos,0,1,0,0,0,0,0,0
Farm,0,0,0,1,0,0,0,0
Gee,0,0,0,0,0,0,1,0
Mussel,0,0,1,0,0,0,0,0
Newport,0,0,0,1,0,0,0,0
Hekka,0,0,0,0,0,1,0,0
as,0,0,0,1,0,0,0,0
Boiled,0,0,1,0,0,0,0,0
Gomasio,0,0,0,0,0,1,0,0
Matcha,0,0,0,0,0,1,0,0
Fingers,0,0,0,1,0,0,0,0
Mikes,0,0,0,0,0,0,0,1
Castella,0,0,0,0,0,1,0,0
Mushroom,1,1,2,3,0,1,1,6
Kari,1,0,0,0,0,0,0,0
ChettinadStyle,1,0,0,0,0,0,0,0
Mamaws,0,0,0,1,0,0,0,0
CarrotBean,1,0,0,0,0,0,0,0
Year,0,0,4,0,0,0,0,0
a,0,3,2,3,0,0,2,7
Pressure,0,4,1,0,0,1,0,0
Get,0,0,0,2,0,0,0,0
Pudding,1,0,3,1,2,1,7,0
Tri,0,0,0,0,0,0,1,0
Wrap,0,0,0,0,1,0,0,0
Doughnuts,0,0,1,1,0,0,0,0
Sues,0,1,0,0,0,0,0,0
Menas,0,0,0,0,1,0,0,0
Lean,0,0,1,0,0,0,0,0
Sabji,1,0,0,0,0,0,0,0
Cowboy,0,0,0,2,0,0,0,0
Buffalo,0,0,0,10,0,1,1,0
Shoyu,0,0,0,1,0,4,0,0
Texas,0,6,0,4,0,0,0,0
Chicken,105,97,74,59,30,23,78,72
Ribs,0,0,6,7,0,2,0,0
MexicanStyle,0,1,0,0,0,0,0,0
SlowCooker,0,3,0,0,0,0,0,1
Bacon,0,0,0,3,0,0,0,1
HoneyWalnut,0,0,1,0,0,0,0,0
Hearts,0,0,0,0,0,0,0,1
Fasolakia,0,0,0,0,1,0,0,0
Kimchi,0,0,0,0,0,1,0,0
Chickpeas,6,0,0,0,2,0,0,1
Guisada,0,3,0,0,0,0,0,0
Karwari,1,0,0,0,0,0,0,0
Mein,0,0,6,0,0,0,0,0
Jonagolds,1,0,0,0,0,0,0,0
Marrakesh,0,0,0,0,1,0,0,0
Shui,0,0,1,0,0,0,0,0
Collard,0,0,0,2,0,0,0,0
Berry,0,0,0,1,0,0,0,0
ExGirlfriends,0,1,0,0,0,0,0,0
Joes,0,0,1,0,0,0,0,0
SemiHomemade,0,0,0,0,0,1,0,0
Out,0,0,0,0,0,0,0,1
Stickers,0,0,3,0,0,0,0,0
Saganaki,0,0,0,0,1,0,0,0
Good,0,0,0,1,1,0,0,0
Mooncake,0,0,1,0,0,0,0,0
Sticker,0,0,1,0,0,0,0,0
OvenFried,0,0,0,1,0,0,0,0
Matar,5,0,0,0,0,0,0,0
Tsao,0,0,1,0,0,0,0,0
Hominy,0,1,0,0,0,0,0,0
Pats,0,0,0,1,0,0,0,0
Mu,0,0,1,0,0,0,0,0
Salsa,0,33,0,4,0,0,1,0
Fennel,0,0,0,0,4,0,0,0
Reduction,0,0,0,0,0,0,0,1
Yum,0,0,0,0,0,4,6,0
meat,0,0,0,0,0,1,0,0
Mayo,0,1,0,3,0,0,0,0
Ball,0,0,2,0,0,0,0,0
Over,0,1,0,0,0,0,0,0
Terrys,0,1,0,1,1,0,0,0
Ricotta,0,0,0,0,0,0,0,6
Tropical,0,0,0,1,0,0,0,0
Kielbasa,0,0,0,2,0,0,0,0
Superfast,0,0,0,1,0,0,0,0
Succotash,0,0,0,0,1,0,0,0
Mussaman,0,0,0,0,0,0,1,0
Krapow,0,0,0,0,0,0,1,0
Sugar,0,0,0,3,0,0,1,1
MangoPrawn,0,0,0,0,0,0,1,0
Herders,0,0,0,0,0,0,0,1
Slaw,0,2,1,3,0,0,0,0
Alaska,0,0,0,1,0,0,0,0
HandPulled,0,0,1,0,0,0,0,0
SuperSimple,0,0,1,0,0,0,0,0
Vanilla,0,0,0,1,0,0,0,0
Indienne,1,0,0,0,0,0,0,0
Caramel,0,0,0,2,0,0,0,0
Jamon,0,0,0,0,1,0,0,0
Coctel,0,1,0,0,0,0,0,0
Peanuts,0,0,1,0,0,0,1,0
Latte,1,0,0,0,0,1,0,0
Lychee,0,0,2,0,0,0,0,0
Nuts,2,0,0,0,0,0,1,1
Kheer,1,0,0,0,0,0,0,0
Caper,0,0,0,1,1,0,0,0
Soho,0,0,0,0,0,1,0,0
Jian,0,0,1,0,0,0,0,0
Walnut,0,0,2,0,1,0,0,0
Gari,0,0,0,0,0,1,0,0
Olio,0,0,0,0,0,0,0,1
Goong,0,0,0,0,0,0,3,0
Elijahs,1,0,0,0,0,0,0,0
Cheesecake,0,3,0,4,0,6,0,2
Camp,0,0,0,0,0,0,0,1
Chimi,0,1,0,0,0,0,0,0
SageButter,0,0,0,0,0,0,0,1
Chickpea,10,0,0,1,5,0,0,0
Masur,1,0,0,0,0,0,0,0
Hariyali,1,0,0,0,0,0,0,0
Sandwich,0,1,0,5,0,0,0,4
Bataka,1,0,0,0,0,0,0,0
Porridge,0,0,3,0,0,0,0,0
Lyonnaise,0,0,0,0,1,0,0,0
Sha,0,0,1,0,0,0,0,0
Tot,0,1,0,0,0,0,0,0
Mayoster,0,0,0,0,0,1,0,0
CurryPeanut,0,0,0,0,0,0,1,0
Fragrant,0,0,0,0,0,0,1,0
Jays,0,0,0,0,0,0,0,1
V,1,2,0,1,0,0,0,1
Prawns,2,0,2,0,0,0,5,0
Citrus,0,0,1,0,0,0,0,0
KashmiriStyle,1,0,0,0,0,0,0,0
Siciliana,0,0,0,0,0,0,0,1
Reshmi,1,0,0,0,0,0,0,0
And,1,0,1,1,0,0,0,0
Iowa,0,0,0,1,0,0,0,0
Bites,0,0,0,0,0,0,1,1
Tandoori,12,0,0,0,0,0,0,0
Thighs,1,0,0,0,0,0,1,0
MozzarellaStuffed,0,0,0,0,0,0,0,1
Pepe,0,0,0,0,1,0,0,3
Mole,0,2,0,0,0,0,0,0
Premium,0,0,0,0,0,0,0,1
Foil,0,0,0,0,3,0,0,1
Hyderabadi,1,0,0,0,0,0,0,0
Yummylicious,0,0,0,0,0,1,0,0
Quesadilla,1,1,0,0,0,0,0,0
Salted,0,0,0,0,0,1,0,0
Cotta,0,0,0,0,0,0,0,1
Byoo,0,0,0,0,0,0,1,0
Soup,18,31,42,13,11,18,29,21
Palak,7,0,0,0,0,0,0,0
Lindas,0,0,0,0,0,0,0,1
Alu,1,0,0,0,0,0,0,0
Chi,0,0,1,0,0,2,0,0
Mamuang,0,0,0,0,0,0,1,0
Stephanies,0,0,0,0,0,0,0,1
Rancheros,0,1,0,0,0,0,0,0
Dijon,0,0,0,1,0,0,0,0
Ratatouille,0,0,0,1,0,1,0,0
Rice,34,26,23,5,6,18,26,2
Stewed,0,1,0,0,0,0,0,0
Mardi,0,0,0,1,0,0,0,0
Lasagna,0,7,0,1,0,0,0,44
Cavatelli,0,0,0,0,1,0,0,2
Daal,2,0,0,0,0,0,0,0
Gnocchi,0,0,0,0,0,0,0,5
Monkfish,0,0,0,0,0,0,2,0
Ever,2,1,0,2,0,0,0,4
Butter,17,1,0,5,0,6,4,3
Kings,0,0,0,0,0,0,1,0
Microwaved,1,0,0,0,0,0,0,0
Lauras,0,0,0,1,0,0,0,0
Masaledar,1,0,0,0,0,0,0,0
Pico,0,4,0,1,0,0,0,0
Sea,0,0,1,1,0,2,0,0
Cutlet,0,0,0,0,0,1,0,0
GingerTamarind,1,0,0,0,0,0,0,0
Cheeseburger,0,1,0,0,0,0,0,0
Hardboiled,0,0,0,0,1,0,0,0
Besan,3,0,0,0,0,0,0,0
Hash,2,0,0,0,1,0,0,0
Riggies,0,0,0,0,0,0,0,1
Hiyashi,0,0,0,0,0,1,0,0
TexMex,0,1,0,2,0,0,0,0
Tan,0,0,3,0,0,0,0,0
Grapefruit,0,0,0,0,0,0,2,0
Mele,0,0,0,0,0,0,0,1
Indian,93,0,0,0,0,0,0,0
Slippery,0,0,1,0,0,0,0,0
Kal,0,0,0,0,0,0,1,0
Couscous,2,1,0,0,3,0,0,0
Mackerel,0,0,0,0,1,1,0,0
Tableside,0,0,0,0,0,1,0,0
Shiitake,0,0,0,0,0,1,0,0
Relish,1,0,0,0,0,0,0,0
Peppered,0,0,2,0,0,0,0,1
Bang,0,0,3,0,0,0,0,0
Tips,0,0,1,0,0,0,0,0
Marsala,0,0,0,0,1,0,0,3
Grill,0,0,0,0,1,0,0,0
Make,0,1,0,0,0,0,2,2
Modenese,0,0,0,0,0,0,0,1
Carne,0,6,0,0,0,0,0,0
Melts,0,1,0,0,0,0,0,0
Mushrooms,0,0,2,1,3,3,2,1
Cindys,0,0,0,1,0,0,1,0
Poulourie,1,0,0,0,0,0,0,0
Pignoli,0,0,0,0,0,0,0,1
Snow,0,0,2,0,0,0,0,0
Baked,4,2,2,20,10,0,1,15
Tod,0,0,0,0,0,0,2,0
De,0,3,0,0,0,0,0,0
Rounds,0,0,0,1,0,0,0,0
Nabeyaki,0,0,0,0,0,1,0,0
Deep,0,1,0,1,0,1,0,0
Shiru,0,0,0,0,0,1,0,0
ki,1,0,0,0,0,0,0,0
Making,0,0,0,0,0,0,1,0
Jhinga,1,0,0,0,0,0,0,0
Agedashiesque,0,0,0,0,0,1,0,0
Huevo,0,0,0,0,1,0,0,0
Briam,0,0,0,0,2,0,0,0
Special,0,0,0,0,0,1,0,0
Chingri,1,0,0,0,0,0,0,0
Yogurt,6,0,0,0,5,0,0,0
Salmon,4,0,1,10,4,5,1,3
Tex,0,2,0,1,0,0,0,0
Prezzemolate,0,0,0,0,1,0,0,0
Spiced,9,0,0,2,2,0,1,0
Roughy,0,0,0,0,0,0,0,1
Pepper,2,0,6,3,5,0,4,1
Espinacas,0,0,0,0,1,0,0,0
1Dish,0,1,0,0,0,0,0,0
Jook,0,0,2,0,0,0,0,0
Herb,0,0,0,1,1,0,0,2
Khitchari,1,0,0,0,0,0,0,0
Tenderloin,0,1,2,0,0,2,0,1
Bubble,0,0,0,0,0,0,0,1
Crepes,0,0,1,0,0,0,0,0
Refined,0,0,0,0,0,0,1,0
Sopa,0,1,0,0,0,0,0,0
BalsamicGlazed,0,0,0,1,0,0,0,0
Flank,0,2,0,1,0,0,1,1
Tortellini,0,0,0,0,0,0,0,8
Siu,0,0,7,0,0,0,0,0
Brats,0,0,0,1,0,0,0,0
Evins,1,0,0,0,0,0,0,0
Cooked,0,0,0,1,0,0,3,0
Eel,0,0,0,0,0,1,0,0
Tilas,0,0,0,0,0,0,1,0
Tangerine,0,0,0,0,0,0,1,0
Swiss,0,0,0,2,0,1,0,1
Anisette,0,0,0,0,0,0,0,1
Jalapeno,1,4,0,2,0,0,0,0
Lettuce,0,0,1,0,0,0,1,0
Flavored,1,0,0,0,0,0,0,0
Kikis,0,1,0,0,0,0,0,0
Stifado,0,0,0,0,1,0,0,0
Praline,0,0,0,1,0,0,0,0
Blue,1,0,0,1,0,0,0,1
Sev,1,0,0,0,0,0,0,0
Homemade,0,5,3,1,2,5,0,7
Zoodle,0,0,0,0,1,0,0,0
Nongs,0,0,0,0,0,0,1,0
Nut,0,0,0,2,0,0,0,0
Fast,1,0,0,0,0,0,0,0
Gobhi,1,0,0,0,0,0,0,0
Ganoush,0,0,0,0,1,0,0,0
Wonton,0,0,8,0,0,0,0,0
Jim,0,0,0,0,0,0,1,0
Kalua,0,0,0,1,0,0,0,0
Cha,0,0,2,0,0,0,1,0
Belly,0,0,4,0,0,0,1,0
Pot,4,0,8,0,2,1,3,3
Sopapilla,0,3,0,0,0,0,0,0
GA,0,0,0,1,0,0,0,0
Daeng,0,0,0,0,0,0,1,0
Leftovers,0,0,0,0,0,1,0,0
Zesty,0,1,0,0,0,0,0,0
Pea,2,0,1,1,0,0,0,0
Crab,0,2,2,6,0,3,5,0
Hush,0,0,0,1,0,0,0,0
Creamed,0,0,0,1,0,0,0,0
Zeppole,0,0,0,0,0,0,0,1
Bananas,0,1,0,1,0,0,4,0
DanBin,0,0,1,0,0,0,0,0
Pine,0,0,0,0,0,0,0,1
Khichdi,1,0,0,0,0,0,0,0
Wendy,0,0,0,0,1,0,0,0
French,0,0,0,1,0,0,0,0
Hoisin,0,0,3,0,0,0,0,0
Shanks,1,0,0,1,0,0,0,1
Karnal,0,0,2,0,0,0,0,0
Shoot,0,0,1,0,0,0,0,0
Master,0,0,0,0,0,0,0,1
Shingen,0,0,0,0,0,1,0,0
Rub,1,0,2,1,0,0,0,0
Masale,1,0,0,0,0,0,0,0
Quick,4,6,3,2,3,3,2,4
Chilled,0,0,0,0,1,0,0,0
Moong,2,0,0,0,0,0,0,0
Charleys,0,1,0,0,0,0,0,0
Pakoras,1,0,0,0,0,0,0,0
Scrumptious,0,0,0,1,0,0,0,0
Chilies,0,0,0,0,0,0,1,0
Piccata,0,0,0,0,0,0,0,6
Yakitori,0,0,0,0,0,7,0,0
Amys,0,2,0,0,0,0,0,0
Fideo,0,1,0,0,0,0,0,0
ParmesanRoasted,0,0,0,0,1,0,0,0
Punjabi,2,0,0,0,0,0,0,0
Natto,0,0,0,0,0,1,0,0
Gravy,2,0,0,6,0,0,0,0
Raita,7,0,0,0,0,0,0,0
Bok,0,0,3,0,0,0,0,0
Alysias,0,0,0,0,0,0,0,1
Roti,4,0,0,0,0,0,0,0
Crunch,0,0,0,1,0,0,0,0
Milano,0,0,0,0,1,0,0,1
SliderStyle,0,0,0,1,0,0,0,0
Sod,0,0,0,0,0,0,1,0
Kee,0,0,0,0,0,0,3,0
Fresca,0,2,0,1,0,0,0,0
Uniengs,0,0,1,0,0,0,0,0
Oaxacan,0,1,0,0,0,0,0,0
Tsukemono,0,0,0,0,0,1,0,0
Huevos,0,1,0,0,0,0,0,0
Mahi,0,2,0,0,0,2,2,0
La,0,0,2,0,0,0,0,0
Pacific,0,0,0,0,0,1,0,0
Grandpas,0,0,0,1,0,0,0,0
Way,0,0,0,1,0,0,0,0
Prune,0,0,0,0,0,0,0,1
Enchanted,0,1,0,0,0,0,0,0
Costas,0,0,0,1,0,0,0,0
Krapao,0,0,0,0,0,0,1,0
Crustless,0,0,0,1,0,0,0,0
Fig,0,0,0,0,1,0,0,0
Suiza,0,1,0,0,0,0,0,0
A,0,0,1,0,0,0,1,0
Personal,0,0,0,0,0,0,0,1
Athenian,0,0,0,0,1,0,0,0
con,0,2,0,0,1,0,0,0
Mrs,0,1,0,0,0,0,0,0
Hoy,0,0,0,0,0,0,1,0
ThaiStyle,0,0,0,0,0,0,14,0
How,0,0,0,0,0,0,2,1
Brava,0,0,0,0,1,0,0,0
Perfect,1,0,1,1,0,3,0,1
Vendakka,1,0,0,0,0,0,0,0
East,2,0,0,0,0,0,0,0
Grandmothers,0,0,0,1,0,0,0,0
Black,2,16,5,5,1,2,3,1
Calabacitas,0,2,0,0,0,0,0,0
Scallop,0,0,0,0,0,1,0,1
SunDried,0,0,0,1,2,0,0,7
WalnutOlive,0,0,0,0,1,0,0,0
Udon,0,0,0,0,0,1,0,0
Kare,0,0,0,0,0,1,0,0
Scarpariello,0,0,0,0,0,0,0,1
Saffron,3,0,0,0,0,0,0,0
Kefir,0,0,0,0,1,0,0,0
Never,0,1,0,0,0,0,0,0
Beccas,0,1,0,0,0,0,0,0
Dook,0,0,0,0,0,0,1,0
Wafu,0,0,0,0,0,1,0,0
Drop,0,0,6,0,0,0,0,0
Orange,0,0,4,0,2,1,0,1
Fritters,1,0,1,1,0,0,0,0
Shank,1,0,0,0,0,0,0,0
Mijos,0,1,0,0,0,0,0,0
Chole,3,0,0,0,0,0,0,0